record_id,source_row,unit,event_name,organizer,category,event_date_start,event_date_end,event_date_display,time_start,time_end,time_display,sub_venue,status,status_raw,loading_in_raw,event_day_raw,loading_out_raw,source_file,source_updated
GBK26-0085,124,TENNIS,Pentas Musik dan Refleksi Paskah Nasional Partai Golkar 2026,PARTAI GOLKAR,Pemerintahan & Politik,2025-04-24,2025-04-24,22 - 25 April 2026 (24 April 2025),,,Tidak tercantum,Tenis Indoor Single Tarif,Lunas,Lunas,,22 - 25 April 2026 (24 April 2025),,UPDATE-Event-2026-up-14-Sep-2026-2.xlsx,2026-09-14
GBK26-0618,719,Istora,Indonesia Open 2026,Pengurus Pusat Persatuan Bultangkis Seluruh Indonesia,Lainnya,2025-06-02,2025-06-07,2 - 7 Juni 2025,,,Tidak tercantum,Istora,Tidak tercantum,,27 - 31 Mei 2026 1 Juni 2026,2 - 7 Juni 2025,8-9 Juni 2026,UPDATE-Event-2026-up-14-Sep-2026-2.xlsx,2026-09-14
GBK26-0095,134,TENNIS,"Localfest 2026 — (Musik, Bazar & FnB)",(Wiwit Rachmat) USS Networks / PT. Untung Selalu Sukses; Jl Wijaya 1 no 5c petogogan Keb Baru,Musik & Hiburan,2025-06-27,2025-06-28,22 s.d 30 Juni 2026 (27-28 Juni 2025),,,Tidak tercantum,Std Basebaall Paket B,Termin,Termin,,22 s.d 30 Juni 2026 (27-28 Juni 2025),,UPDATE-Event-2026-up-14-Sep-2026-2.xlsx,2026-09-14
GBK26-0099,138,TENNIS,Konsert Musik,(Nida) PT.Culina Kreatif Sejahtera; Jl Perkantoran Gandaria 8 LT.29 Jaln sultan iskandar muda,Musik & Hiburan,2025-07-18,2025-07-18,16 Juli s.d 19 Juli 2026  (18 Juli 2025),,,Tidak tercantum,Tenis Indoor Single Tarif,Online Booking,Online Booking,,16 Juli s.d 19 Juli 2026  (18 Juli 2025),,UPDATE-Event-2026-up-14-Sep-2026-2.xlsx,2026-09-14
GBK26-0104,143,TENNIS,Festival Burger,"(Amar) PT Bangor Berkembang Bersama Rukan Greatwall Blok A No. 29-30 Jl. Green Lake City Boulevard No. 25 Kota Tangerang, Banten, 15147 Indonesia",Olahraga & Esports,2025-08-08,2025-08-09,05 s.d 10 Aug 2026 (08-09 Aug 2025),,,Tidak tercantum,Std Madya Paket B,Soft booking,Softbook,,05 s.d 10 Aug 2026 (08-09 Aug 2025),,UPDATE-Event-2026-up-14-Sep-2026-2.xlsx,2026-09-14
GBK26-0106,145,TENNIS,BYON COMBAT — SHOW 8,(Fawwaz) USS Networks / PT. Untung Selalu Sukses; Jl Wijaya 1 no 5c petogogan Keb Baru,Musik & Hiburan,2025-08-29,2025-08-29,27 - 30 Agustus 2026 (29 Agustus 2025),,,Tidak tercantum,Tenis Indoor Single Tarif,Soft booking,Softbook,,27 - 30 Agustus 2026 (29 Agustus 2025),,UPDATE-Event-2026-up-14-Sep-2026-2.xlsx,2026-09-14
GBK26-0460,550,Kawasan,UMKM Koperasi CFD 1 TAHUN,KOPKAR,Komunitas & Gaya Hidup,2026-01-03,2026-01-03,2026-01-03,,,Tidak tercantum,Kawasan,Lunas,Lunas,,2026-01-03,2026-12-26,UPDATE-Event-2026-up-14-Sep-2026-2.xlsx,2026-09-14
GBK26-0028,40,STADION UTAMA,Kompetisi BRI Super League Musim 2025/2026 — Persija Jakarta vs Persijap Jepara,"PT. Persija Jaya Jakarta; Rasuna Office Park Unit GF-02; Jl. HR. Rasuna Said, Jakarta 12960",Olahraga & Esports,2026-01-03,2026-01-03,2026-01-03,,,Tidak tercantum,Stadion Utama,Selesai / Lunas,Selesai / Lunas,,2026-01-03,,UPDATE-Event-2026-up-14-Sep-2026-2.xlsx,2026-09-14
GBK26-0308,374,KANTOR PUSAT & MOS,Pernikahan,Fajri Teguh Suryadianto,Pernikahan & Pribadi,2026-01-04,2026-01-04,2026-01-04,,,Tidak tercantum,Aula Masjid Albina,Lunas,LUNAS,,2026-01-04,,UPDATE-Event-2026-up-14-Sep-2026-2.xlsx,2026-09-14
GBK26-0048,75,STADION UTAMA - PLAZA,Perayaan Natal Nasional Tahun 2025 — (Tennis Indoor),"Panitia Perayaan Natal Nasional 2025; Gedung Wisma Mandiri 2, Jl. M.H Thamrin No.5; Kebon Sirih, Menteng, Jakarta Pusat",Keagamaan,2026-01-05,2026-01-05,4 - 6 Januari 2026 (5 Januari 2026),,,Tidak tercantum,Plaza Barat,Selesai / Lunas,Selesai / Lunas,,4 - 6 Januari 2026 (5 Januari 2026),,UPDATE-Event-2026-up-14-Sep-2026-2.xlsx,2026-09-14
GBK26-0074,111,TENNIS,Perayaan Natal Nasional 2025,Panitia Perayaan Natal Nasional (Pak Kiki),Keagamaan,2026-01-05,2026-01-05,2-5 Jan 2026 (5 Jan 2026),,,Tidak tercantum,Single Tarif Tenis Indoor,Lunas,LUNAS,,2-5 Jan 2026 (5 Jan 2026),,UPDATE-Event-2026-up-14-Sep-2026-2.xlsx,2026-09-14
GBK26-0126,173,BASKET & ANEKA LAP,HUT BPK KE 79,BPK,Olahraga & Esports,2026-01-06,2026-01-09,"6, 7 DAN 9 JANUARI",,,Tidak tercantum,LAPANGAN A DAN B,Lunas,LUNAS,-,"6, 7 DAN 9 JANUARI",-,UPDATE-Event-2026-up-14-Sep-2026-2.xlsx,2026-09-14
GBK26-0696,820,GBK ARENA,AFC Futsal Asian Cup 2026,Federasi Futsal Indonesia,Olahraga & Esports,2026-01-08,2026-01-08,08 Januari 2026,,,Tidak tercantum,GBK ARENA,Tidak tercantum,,06-07 Januari 2026,08 Januari 2026,9 Januari 2026,UPDATE-Event-2026-up-14-Sep-2026-2.xlsx,2026-09-14
GBK26-0309,375,KANTOR PUSAT & MOS,Latihan Lari (Strength & ABC Drill),Skolari,Olahraga & Esports,2026-01-08,2026-01-08,2026-01-08,,,Tidak tercantum,Lahan Terbuka Sisi Timur WSG,Lunas,LUNAS,,2026-01-08,,UPDATE-Event-2026-up-14-Sep-2026-2.xlsx,2026-09-14
GBK26-0075,112,TENNIS,Allianz Star Network Kick Off 2026,PT. Asuransi Allianz Life Indonesia; Jl. Jenderal Sudirman Kav. 29 - 31 Jakarta 12920 (Dewi & Yadika),Olahraga & Esports,2026-01-08,2026-01-08,6-9Jan 2026 (8 Jan 2026),,,Tidak tercantum,Single Tarif Tenis Indoor,Lunas,LUNAS,,6-9Jan 2026 (8 Jan 2026),,UPDATE-Event-2026-up-14-Sep-2026-2.xlsx,2026-09-14
GBK26-0127,174,BASKET & ANEKA LAP,HUT BPK KE 79,BPK,Olahraga & Esports,2026-01-10,2026-01-10,10 JANUARI,,,Tidak tercantum,LAPANGAN PANAHAN,Lunas,LUNAS,-,10 JANUARI,-,UPDATE-Event-2026-up-14-Sep-2026-2.xlsx,2026-09-14
GBK26-0128,175,BASKET & ANEKA LAP,LIGA TOPSCORE INDONESIA 2026,PSSI DKI JAKARTA,Olahraga & Esports,2026-01-10,2026-01-25,"10, 11, 17, 18, 24 DAN 25 JANUARI",,,Tidak tercantum,"LAPANGAN RUGBY, LAPANGAN C DAN LAPANGAN B",Lunas,LUNAS,-,"10, 11, 17, 18, 24 DAN 25 JANUARI",-,UPDATE-Event-2026-up-14-Sep-2026-2.xlsx,2026-09-14
GBK26-0310,376,KANTOR PUSAT & MOS,Senam Lansia Klub PKO Dr. Sadoso,Dra. Amalia Susilowati,Olahraga & Esports,2026-01-10,2026-01-10,2026-01-10,,,Tidak tercantum,Lahan Terbuka Sisi Timur WSG,Lunas,LUNAS,,2026-01-10,,UPDATE-Event-2026-up-14-Sep-2026-2.xlsx,2026-09-14
GBK26-0370,450,PTHK,CLOSE UP GATHERING,,MICE & Korporasi,2026-01-10,2026-01-10,10 JANUARI 2026,,,Tidak tercantum,HUTAN KOTA,Lunas,Lunas,9 JANUARI 2026,10 JANUARI 2026,11 JANUARI 2026,UPDATE-Event-2026-up-14-Sep-2026-2.xlsx,2026-09-14
GBK26-0461,551,Kawasan,Fun Walk dan Gathering Internal perusahaan,PT. WINDU NABATINDO,Olahraga & Esports,2026-01-11,2026-01-11,2026-01-11,,,Tidak tercantum,Jalur Plataran - P7,Lunas,Lunas,,2026-01-11,,UPDATE-Event-2026-up-14-Sep-2026-2.xlsx,2026-09-14
GBK26-0311,377,KANTOR PUSAT & MOS,Rapat Koordinasi Akademi Binna Banua FC,PT. Banua Borneo Clubss,Pendidikan & Wisuda,2026-01-12,2026-01-12,2026-01-12,,,Tidak tercantum,Ruang Rapat Annex Lantai III,Lunas,LUNAS,,2026-01-12,,UPDATE-Event-2026-up-14-Sep-2026-2.xlsx,2026-09-14
GBK26-0695,819,GBK ARENA,Kejuaraan Bulutangkis Internasional Daihatsu Master 2026,Perada Swara Productions,Pemerintahan & Politik,2026-01-17,2026-01-25,17-25 Januari 2026,,,Tidak tercantum,GBK Arena,Lunas,Lunas,,17-25 Januari 2026,,UPDATE-Event-2026-up-14-Sep-2026-2.xlsx,2026-09-14
GBK26-0369,449,PTHK,PARKIR VIP,PARTAI GEMA BANGSA,Operasional,2026-01-17,2026-01-17,17 JANUARI 2026,,,Tidak tercantum,PARKIR TIMUR UTARA,Lunas,Lunas,,17 JANUARI 2026,,UPDATE-Event-2026-up-14-Sep-2026-2.xlsx,2026-09-14
GBK26-0312,378,KANTOR PUSAT & MOS,Townhall Meeting,PT. Indonesia Comnets Plus (PLN Icon Plus),MICE & Korporasi,2026-01-19,2026-01-19,2026-01-19,,,Tidak tercantum,Ruang Cattelya WSG,Lunas,LUNAS,,2026-01-19,,UPDATE-Event-2026-up-14-Sep-2026-2.xlsx,2026-09-14
GBK26-0609,710,Istora,Indonesia Master 2026,Pengurus Pusat Persatuan Bultangkis Seluruh Indonesia,Lainnya,2026-01-20,2026-01-25,20-25 Januari 2026,,,Tidak tercantum,Istora,Lunas,Lunas,14-19 Januari 2026,20-25 Januari 2026,26-27 Januari 2026,UPDATE-Event-2026-up-14-Sep-2026-2.xlsx,2026-09-14
GBK26-0462,552,Kawasan,Sewa Lahan Parkir Untuk Indonesia Master,PT Perada Swara Productions,Lainnya,2026-01-20,2026-01-20,2026-01-20,,,Tidak tercantum,PARSEL TIMUR,Lunas,Lunas,,2026-01-20,2026-01-25,UPDATE-Event-2026-up-14-Sep-2026-2.xlsx,2026-09-14
GBK26-0130,177,BASKET & ANEKA LAP,"COACHING CLINIC, COCA COLA TROPHY TOUR",PT. GARUDA GEMAH NUSANTARA,Olahraga & Esports,2026-01-22,2026-01-22,22 JANUARI,,,Tidak tercantum,LAPANGAN A,Lunas,LUNAS,-,22 JANUARI,-,UPDATE-Event-2026-up-14-Sep-2026-2.xlsx,2026-09-14
GBK26-0315,381,KANTOR PUSAT & MOS,Loading In,PT . Data Lima (Lilis Sugiyanti),Operasional,2026-01-23,2026-01-23,2026-01-23,,,Tidak tercantum,Ruang Vanda WSG,Lunas,LUNAS,,2026-01-23,,UPDATE-Event-2026-up-14-Sep-2026-2.xlsx,2026-09-14
GBK26-0313,379,KANTOR PUSAT & MOS,M-7 World Series (MLBB),PT. Monster Entertainment Indonesia,Musik & Hiburan,2026-01-23,2026-01-25,23 -25 Januari 2026,,,Tidak tercantum,Stadion Madya,Lunas,LUNAS,,23 -25 Januari 2026,,UPDATE-Event-2026-up-14-Sep-2026-2.xlsx,2026-09-14
GBK26-0463,553,Kawasan,sewa lahan parkir untuk mitra gopay (ride),PT. Teknologi Abadi Sejahtera,Lainnya,2026-01-23,2026-01-23,2026-01-23,,,Tidak tercantum,Parkir Blok 6,Lunas,Lunas,,2026-01-23,2026-01-25,UPDATE-Event-2026-up-14-Sep-2026-2.xlsx,2026-09-14
GBK26-0029,41,STADION UTAMA,Kompetisi BRI Super League Musim 2025/2026 — Persija Jakarta vs Madura United FC,"PT. Persija Jaya Jakarta; Rasuna Office Park Unit GF-02; Jl. HR. Rasuna Said, Jakarta 12960",Olahraga & Esports,2026-01-23,2026-01-23,2026-01-23,,,Tidak tercantum,Stadion Utama,Selesai / Lunas,Selesai / Lunas,,2026-01-23,,UPDATE-Event-2026-up-14-Sep-2026-2.xlsx,2026-09-14
GBK26-0049,76,STADION UTAMA - PLAZA,Cimory Fest 2026,"PT. Cisarua Mountain Dairy; Rukan Taman Meruya N27-28, Jakarta 11620",Pameran & Festival,2026-01-23,2026-01-25,20 Januari - 26 Januari 2026 (23 - 25 Januari 2026),,,Tidak tercantum,Plaza Timur,Selesai / Lunas,Selesai / Lunas,,20 Januari - 26 Januari 2026 (23 - 25 Januari 2026),,UPDATE-Event-2026-up-14-Sep-2026-2.xlsx,2026-09-14
GBK26-0076,113,TENNIS,Mobile Legend Bang-Bang — World Cup Series,"""PT. Monster Entertainment Indonesia /; PT. Teknologi Abadi Sejahtera; Jl. Prof. DR. Satrio Kav. 18, Karet Kuningan, Setiabudi; Jakarta Selatan 12940""; (Rama)",Musik & Hiburan,2026-01-23,2026-01-25,13 s.d 26 Jan 2026 (23-25 Jan 2026),,,Tidak tercantum,Single Tarif Tenis Indoor,Lunas,Lunas,,13 s.d 26 Jan 2026 (23-25 Jan 2026),,UPDATE-Event-2026-up-14-Sep-2026-2.xlsx,2026-09-14
GBK26-0129,176,BASKET & ANEKA LAP,RAW FESTIVAL 2026,PT. KRETAOR VISUAL INTERMEDIA,Olahraga & Esports,2026-01-24,2026-01-24,24 JANUARI,,,Tidak tercantum,GEDUNG HALL BASKET,Lunas,LUNAS,21-23 JANUARI,24 JANUARI,25 JANUARI,UPDATE-Event-2026-up-14-Sep-2026-2.xlsx,2026-09-14
GBK26-0316,382,KANTOR PUSAT & MOS,Family Gathering,,MICE & Korporasi,2026-01-24,2026-01-24,2026-01-24,,,Tidak tercantum,KANTOR PUSAT & MOS,Tidak tercantum,,,2026-01-24,,UPDATE-Event-2026-up-14-Sep-2026-2.xlsx,2026-09-14
GBK26-0314,380,KANTOR PUSAT & MOS,Pernikahan,Irma Rachmani,Pernikahan & Pribadi,2026-01-24,2026-01-24,2026-01-24,,,Tidak tercantum,Aula Masjid Albina,Lunas,LUNAS,,2026-01-24,,UPDATE-Event-2026-up-14-Sep-2026-2.xlsx,2026-09-14
GBK26-0317,383,KANTOR PUSAT & MOS,Senam Lansia Klub PKO Dr. Sadoso,Dra. Amalia Susilowati,Olahraga & Esports,2026-01-24,2026-01-24,2026-01-24,,,Tidak tercantum,Lahan Terbuka Sisi Timur WSG,Lunas,LUNAS,,2026-01-24,,UPDATE-Event-2026-up-14-Sep-2026-2.xlsx,2026-09-14
GBK26-0371,451,PTHK,NIVEA (Rocca),ROCCA SPACE,Lainnya,2026-01-25,2026-01-25,25 JANUARI 2026,,,Tidak tercantum,PLAZA SUDIRMAN,Lunas,Lunas,,25 JANUARI 2026,,UPDATE-Event-2026-up-14-Sep-2026-2.xlsx,2026-09-14
GBK26-0318,384,KANTOR PUSAT & MOS,Latihan Konser Padi,PT. Perdana Pantai Semesta,Musik & Hiburan,2026-01-26,2026-01-26,2026-01-26,,,Tidak tercantum,Ruang Cattelya WSG,Lunas,LUNAS,,2026-01-26,,UPDATE-Event-2026-up-14-Sep-2026-2.xlsx,2026-09-14
GBK26-0001,7,INDONESIA ARENA,AFC Futsal Asia Cup,Federasi Futsal Indonesia (FFI) / Persatuan Sepakbola Seluruh Indonesia,Olahraga & Esports,2026-01-27,2026-02-07,27 Januari - 07 Fabruari 2026,,,Tidak tercantum,Indonesia Arena,DP,DP,13 - 26 Januari 2026,27 Januari - 07 Fabruari 2026,08 Februari 2025,UPDATE-Event-2026-up-14-Sep-2026-2.xlsx,2026-09-14
GBK26-0078,117,TENNIS,Konser Musik Padi Reborn,PT. Perdana Pantai Semesta (Northstar Entertainment); Ruko Golf Island Beach Theme Park Blok E No. 33-55; Pantai Indah Kapuk - Jakarta Utara 14460 (Riri),Musik & Hiburan,2026-01-28,2026-02-01,28 Jan s.d 1 Feb 2026 (31 Jan2026),,,Tidak tercantum,Tenis Indoor Single Tarif,Lunas,Lunas,,28 Jan s.d 1 Feb 2026 (31 Jan2026),,UPDATE-Event-2026-up-14-Sep-2026-2.xlsx,2026-09-14
GBK26-0669,781,Akuatik,Tes Kesemaptaan Jasmani PT OCK Klub Atletik,PT OCK Klub Atletik,Olahraga & Esports,2026-01-31,2026-01-31,31 Januari 2026,,,Tidak tercantum,Kolam Pemanasan,Tidak tercantum,,,31 Januari 2026,,UPDATE-Event-2026-up-14-Sep-2026-2.xlsx,2026-09-14
GBK26-0131,178,BASKET & ANEKA LAP,HOK INVITATIONAL SEASON 4,MINESKI GLOBAL (MALAYSIA) SDN. BHD,Olahraga & Esports,2026-01-31,2026-02-08,31 JANUARI S.D 08 FEBRUARI,,,Tidak tercantum,GEDUNG HALL BASKET,Lunas,LUNAS,26 - 30 JANUARI,31 JANUARI S.D 08 FEBRUARI,09 FEBRUARI,UPDATE-Event-2026-up-14-Sep-2026-2.xlsx,2026-09-14
GBK26-0319,385,KANTOR PUSAT & MOS,Pernikahan,Muhammad Ichsan Pratama,Pernikahan & Pribadi,2026-01-31,2026-01-31,2026-01-31,,,Tidak tercantum,Ruang Vanda WSG,Lunas,LUNAS,,2026-01-31,,UPDATE-Event-2026-up-14-Sep-2026-2.xlsx,2026-09-14
GBK26-0320,386,KANTOR PUSAT & MOS,Titik Kumpul,Pambudi SS Prasetyo (Gudda),Lainnya,2026-01-31,2026-01-31,2026-01-31,,,Tidak tercantum,Ruang Cattelya WSG,Lunas,LUNAS,,2026-01-31,,UPDATE-Event-2026-up-14-Sep-2026-2.xlsx,2026-09-14
GBK26-0464,554,Kawasan,FUN WALK,APINDO,Olahraga & Esports,2026-01-31,2026-01-31,2026-01-31,,,Tidak tercantum,TAMAN ANGGREK,Lunas,Lunas,,2026-01-31,2026-01-31,UPDATE-Event-2026-up-14-Sep-2026-2.xlsx,2026-09-14
GBK26-0077,116,TENNIS,XL ULTRA CONCERT 2026,Glow Act PT. Cahaya Gemilang Berkah; Jl. Kindo Square No.15-16 Duren Tiga Raya; Jakarta (Syarif),Musik & Hiburan,2026-01-31,2026-01-31,26 Jan - 1 Feb 2026 (31 Januari 2026),,,Tidak tercantum,Std Madya Paket B,Lunas,Lunas,,26 Jan - 1 Feb 2026 (31 Januari 2026),,UPDATE-Event-2026-up-14-Sep-2026-2.xlsx,2026-09-14
GBK26-0132,179,BASKET & ANEKA LAP,LIGA TOPSCORE INDONESIA 2026,PSSI DKI JAKARTA,Olahraga & Esports,2026-02-01,2026-02-15,"1, 7, 8, 14 DAN 15 FEBRUARI",,,Tidak tercantum,"LAPANGAN RUGBY, LAPANGAN C DAN LAPANGAN B",Lunas,LUNAS,-,"1, 7, 8, 14 DAN 15 FEBRUARI",-,UPDATE-Event-2026-up-14-Sep-2026-2.xlsx,2026-09-14
GBK26-0465,555,Kawasan,Jalan Santai,SMK Jayawisata 1,Lainnya,2026-02-01,2026-02-01,2026-02-01,,,Tidak tercantum,Taman Anggrek,Lunas,Lunas,,2026-02-01,2026-02-01,UPDATE-Event-2026-up-14-Sep-2026-2.xlsx,2026-09-14
GBK26-0466,556,Kawasan,Moving Ooh Campaign,PT. Drupadi Artha Mulia Nusantara,Lainnya,2026-02-01,2026-02-01,2026-02-01,,,Tidak tercantum,Parkir Selatan sisi Timur 1.000 meter,Lunas,Lunas,,2026-02-01,2026-02-01,UPDATE-Event-2026-up-14-Sep-2026-2.xlsx,2026-09-14
GBK26-0467,557,Kawasan,conf. press SOEKARNO RUN,Debrads Race Management,Olahraga & Esports,2026-02-06,2026-02-06,2026-02-06,,,Tidak tercantum,patung bung karno,Lunas,Lunas,,2026-02-06,,UPDATE-Event-2026-up-14-Sep-2026-2.xlsx,2026-09-14
GBK26-0610,711,Istora,Konser Musik,PT. Akselerasi Kreasika Grup,Musik & Hiburan,2026-02-07,2026-02-07,7 Februari 2026,,,Tidak tercantum,Istora,Lunas,Lunas,5-6 Februari 2026,7 Februari 2026,8 Februari 2026,UPDATE-Event-2026-up-14-Sep-2026-2.xlsx,2026-09-14
GBK26-0321,387,KANTOR PUSAT & MOS,Senam Lansia Klub PKO Dr. Sadoso,Dra. Amalia Susilowati,Olahraga & Esports,2026-02-07,2026-02-07,2026-02-07,,,Tidak tercantum,Lahan Terbuka Sisi Timur WSG,Lunas,LUNAS,,2026-02-07,,UPDATE-Event-2026-up-14-Sep-2026-2.xlsx,2026-09-14
GBK26-0468,558,Kawasan,Mini Konser Changchuter by shell Indonesia,Pintu Kreatif,Musik & Hiburan,2026-02-07,2026-02-07,2026-02-07,,,Tidak tercantum,Cekungan Pintu 6,Dijadwalkan ulang,Reschedule,,2026-02-07,2026-02-08,UPDATE-Event-2026-up-14-Sep-2026-2.xlsx,2026-09-14
GBK26-0050,77,STADION UTAMA - PLAZA,One Labs 2026,"Kementerian Pendidikan Tinggi, Sains dan Teknologi - Universitas Negeri Jakarta",Pendidikan & Wisuda,2026-02-07,2026-02-07,6 - 7 Februari 2026 (7 Februari 2026),,,Tidak tercantum,Plaza Barat,Selesai / Lunas,Selesai / Lunas,,6 - 7 Februari 2026 (7 Februari 2026),,UPDATE-Event-2026-up-14-Sep-2026-2.xlsx,2026-09-14
GBK26-0469,559,Kawasan,Charity For SUMUT,PT. Bima Dharma Sehati,Komunitas & Gaya Hidup,2026-02-08,2026-02-08,2026-02-08,,,Tidak tercantum,Jl. Apec 2 Jalur,Lunas,Lunas,,2026-02-08,,UPDATE-Event-2026-up-14-Sep-2026-2.xlsx,2026-09-14
GBK26-0470,560,Kawasan,Tidar Fun Run 2026,TIDAR,Olahraga & Esports,2026-02-08,2026-02-08,2026-02-08,,,Tidak tercantum,Plaza Sudirman - Pintu 7 (250 peserta),Lunas,Lunas,,2026-02-08,,UPDATE-Event-2026-up-14-Sep-2026-2.xlsx,2026-09-14
GBK26-0376,456,PTHK,CHARITY RUN FOR SUMATRA,RESPO,Olahraga & Esports,2026-02-08,2026-02-08,8 FEBRUARI 2026,,,Tidak tercantum,"PLAZA PARKIR TIMUR , 2 PULAU PTU",Lunas,Lunas,,8 FEBRUARI 2026,,UPDATE-Event-2026-up-14-Sep-2026-2.xlsx,2026-09-14
GBK26-0372,452,PTHK,FUN RUN,PLAYON SPORTTAINMENT,Olahraga & Esports,2026-02-08,2026-02-08,8 FEBRUARI 2026,,,Tidak tercantum,PLAZA SUDIRMAN,Lunas,Lunas,7 FEBRUARI 2026,8 FEBRUARI 2026,,UPDATE-Event-2026-up-14-Sep-2026-2.xlsx,2026-09-14
GBK26-0030,42,STADION UTAMA,Kompetisi BRI Super League Musim 2025/2026 — Persija Jakarta vs Arema FC,"PT. Persija Jaya Jakarta; Rasuna Office Park Unit GF-02; Jl. HR. Rasuna Said, Jakarta 12960",Olahraga & Esports,2026-02-08,2026-02-08,2026-02-08,,,Tidak tercantum,Stadion Utama,Selesai / Lunas,Selesai / Lunas,,2026-02-08,,UPDATE-Event-2026-up-14-Sep-2026-2.xlsx,2026-09-14
GBK26-0133,180,BASKET & ANEKA LAP,PHOTOSHOOT BRAND ATHLETE (RIZKY RIDHO),PT ALEN PUTRA NEGARA,Olahraga & Esports,2026-02-10,2026-02-10,10 FEBRUARI,,,Tidak tercantum,LAPANGAN A,Lunas,LUNAS,-,10 FEBRUARI,-,UPDATE-Event-2026-up-14-Sep-2026-2.xlsx,2026-09-14
GBK26-0375,455,PTHK,PAN FEST,IDEALIS,Pameran & Festival,2026-02-13,2026-02-14,13-14 FEBRUARI 2026,,,Tidak tercantum,HUTAN KOTA,Lunas,Lunas,,13-14 FEBRUARI 2026,,UPDATE-Event-2026-up-14-Sep-2026-2.xlsx,2026-09-14
GBK26-0670,782,Akuatik,Kejuaraan Renang Pelajar Jakarta Barat,Pengkot Akuatik Indonesia Jakarta Barat,Olahraga & Esports,2026-02-14,2026-02-14,14 Februari 2026,,,Tidak tercantum,Kolam Tanding dan Diving,Tidak tercantum,,,14 Februari 2026,,UPDATE-Event-2026-up-14-Sep-2026-2.xlsx,2026-09-14
GBK26-0611,712,Istora,Konser Musik,PT. Ruang Antara Suara,Musik & Hiburan,2026-02-14,2026-02-14,14 Februari 2026,,,Tidak tercantum,Istora,Lunas,Lunas,11-13 Februari 2026,14 Februari 2026,15 Februari 2026,UPDATE-Event-2026-up-14-Sep-2026-2.xlsx,2026-09-14
GBK26-0472,562,Kawasan,Kemala Run,Syah Kreatif,Olahraga & Esports,2026-02-14,2026-02-14,2026-02-14,,,Tidak tercantum,cekungan 6,Lunas,Lunas,,2026-02-14,2026-02-15,UPDATE-Event-2026-up-14-Sep-2026-2.xlsx,2026-09-14
GBK26-0471,561,Kawasan,SOEKARNO RUN,Debrads Race Management,Olahraga & Esports,2026-02-14,2026-02-14,2026-02-14,,,Tidak tercantum,JALUR JL APEC,Lunas,Lunas,,2026-02-14,2026-02-15,UPDATE-Event-2026-up-14-Sep-2026-2.xlsx,2026-09-14
GBK26-0322,388,KANTOR PUSAT & MOS,Hari Kanker Anak Internasional (HKAI),Yayasan Kasih Anak Kanker Indonesia (YKAKI),Pemerintahan & Politik,2026-02-15,2026-02-15,2026-02-15,,,Tidak tercantum,Ruang Cattelya WSG,Lunas,LUNAS,,2026-02-15,,UPDATE-Event-2026-up-14-Sep-2026-2.xlsx,2026-09-14
GBK26-0473,563,Kawasan,Event run for hope,PT. Noble Creative Network,Olahraga & Esports,2026-02-15,2026-02-15,2026-02-15,,,Tidak tercantum,jalur P7,Dijadwalkan ulang,Reschedule,,2026-02-15,,UPDATE-Event-2026-up-14-Sep-2026-2.xlsx,2026-09-14
GBK26-0373,453,PTHK,SOEKARNO RUN,DEBRADS,Olahraga & Esports,2026-02-15,2026-02-15,15 FEBRUARI 2026,,,Tidak tercantum,"PARKIR TIMUR SELATAN, PLAZA PARKIR TIMUR, JL.APEC, PTS, PTU",Lunas,Lunas,13-14 FEBRUARI 2026,15 FEBRUARI 2026,,UPDATE-Event-2026-up-14-Sep-2026-2.xlsx,2026-09-14
GBK26-0323,389,KANTOR PUSAT & MOS,Sosial Mandiri MCO,Mandiri (MCO),Lainnya,2026-02-18,2026-03-18,18 Februari -18 Maret 2026,,,Tidak tercantum,Ruang Vanda I dan II WSG,Lunas,LUNAS,,18 Februari -18 Maret 2026,,UPDATE-Event-2026-up-14-Sep-2026-2.xlsx,2026-09-14
GBK26-0324,390,KANTOR PUSAT & MOS,Senam Lansia Klub PKO Dr. Sadoso,Dra. Amalia Susilowati,Olahraga & Esports,2026-02-21,2026-02-21,2026-02-21,,,Tidak tercantum,Lahan Terbuka Sisi Timur WSG,Lunas,LUNAS,,2026-02-21,,UPDATE-Event-2026-up-14-Sep-2026-2.xlsx,2026-09-14
GBK26-0374,454,PTHK,SUNDOWN MARKETTE,360 Agency,Komunitas & Gaya Hidup,2026-02-21,2026-03-14,21 FEBRUARI-14 MARET 2026,,,Tidak tercantum,"TAMAN SOFTBALL, PLAZA SUDIRMAN",DP,DP,,21 FEBRUARI-14 MARET 2026,,UPDATE-Event-2026-up-14-Sep-2026-2.xlsx,2026-09-14
GBK26-0325,391,KANTOR PUSAT & MOS,Demo Audio,PT. Total Image Solutions,Lainnya,2026-02-26,2026-02-26,2026-02-26,,,Tidak tercantum,Ruang Cattelya WSG,Lunas,LUNAS,,2026-02-26,,UPDATE-Event-2026-up-14-Sep-2026-2.xlsx,2026-09-14
GBK26-0326,392,KANTOR PUSAT & MOS,Sosial Mandiri MCO,Mandiri (MCO),Lainnya,2026-02-27,2026-03-19,27 Februari -19 Maret 2026,,,Tidak tercantum,Ruang Vanda III WSG,Lunas,LUNAS,,27 Februari -19 Maret 2026,,UPDATE-Event-2026-up-14-Sep-2026-2.xlsx,2026-09-14
GBK26-0327,393,KANTOR PUSAT & MOS,Sampling Selling Top Coffee Wing,Darwin Dharmawan Satriana,Lainnya,2026-02-28,2026-02-28,2026-02-28,,,Tidak tercantum,Area Masjid Albina,Lunas,LUNAS,,2026-02-28,,UPDATE-Event-2026-up-14-Sep-2026-2.xlsx,2026-09-14
GBK26-0474,564,Kawasan,Bazar UMKM,kopkar,Komunitas & Gaya Hidup,2026-02-28,2026-02-28,2026-02-28,,,Tidak tercantum,Pintu 12,Lunas,Lunas,,2026-02-28,,UPDATE-Event-2026-up-14-Sep-2026-2.xlsx,2026-09-14
GBK26-0081,120,TENNIS,Kapan Lagi Buka Bareng Festival 2026,"(Aldin) PT. Liputan Enam Dot Com (Kapan Lagi Youniverse); Jl. RP. Seroso No. 18, Menteng, Gondangdia; Jakarta Pusat 10350",Olahraga & Esports,2026-02-28,2026-03-01,23 Feb - 2 Maret 2026 (28 Feb - 1 Maret 2026),,,Tidak tercantum,Madya Paket B,Lunas,Lunas,,23 Feb - 2 Maret 2026 (28 Feb - 1 Maret 2026),,UPDATE-Event-2026-up-14-Sep-2026-2.xlsx,2026-09-14
GBK26-0328,394,KANTOR PUSAT & MOS,Sampling Selling Top Coffee Wing,Darwin Dharmawan Satriana,Lainnya,2026-03-03,2026-03-03,2026-03-03,,,Tidak tercantum,Area Masjid Albina,Lunas,LUNAS,,2026-03-03,,UPDATE-Event-2026-up-14-Sep-2026-2.xlsx,2026-09-14
GBK26-0329,395,KANTOR PUSAT & MOS,Buka Bersama,PT. AJ Central Asia Raya (CAR),Keagamaan,2026-03-05,2026-03-05,2026-03-05,,,Tidak tercantum,Aula Masjid Albina,Lunas,LUNAS,,2026-03-05,,UPDATE-Event-2026-up-14-Sep-2026-2.xlsx,2026-09-14
GBK26-0378,458,PTHK,SAHUR RUN,KOPERASI,Olahraga & Esports,2026-03-05,2026-03-07,5-7 MARET,,,Tidak tercantum,PLAZA PARKIR TIMUR,Lunas,Lunas,4 MARET,5-7 MARET,8 MARET,UPDATE-Event-2026-up-14-Sep-2026-2.xlsx,2026-09-14
GBK26-0612,713,Istora,Gema Ramadhan 2026,PT. Surya Citra Televisi,Lainnya,2026-03-06,2026-03-08,6-8 Maret 2026,,,Tidak tercantum,Istora,Lunas,Lunas,1 - 5 Maret 2026,6-8 Maret 2026,9 Maret 2026,UPDATE-Event-2026-up-14-Sep-2026-2.xlsx,2026-09-14
GBK26-0477,567,Kawasan,Jejak Jajan Nusantara,MENKO PM,Lainnya,2026-03-06,2026-03-06,2026-03-06,,,Tidak tercantum,PARSEL BARAT,Lunas,Lunas,,2026-03-06,2026-03-08,UPDATE-Event-2026-up-14-Sep-2026-2.xlsx,2026-09-14
GBK26-0330,396,KANTOR PUSAT & MOS,Buka Bersama,Ikatan Kekeluargaan Masyakarat Bangka Belitung 2026,Keagamaan,2026-03-07,2026-03-07,2026-03-07,,,Tidak tercantum,Ruang Catelya WSG,Lunas,LUNAS,,2026-03-07,,UPDATE-Event-2026-up-14-Sep-2026-2.xlsx,2026-09-14
GBK26-0331,397,KANTOR PUSAT & MOS,Senam Lansia Klub PKO Dr. Sadoso,Dra. Amalia Susilowati,Olahraga & Esports,2026-03-07,2026-03-07,2026-03-07,,,Tidak tercantum,Lahan Terbuka Sisi Timur WSG,Lunas,LUNAS,,2026-03-07,,UPDATE-Event-2026-up-14-Sep-2026-2.xlsx,2026-09-14
GBK26-0332,398,KANTOR PUSAT & MOS,Senam Lansia Klub PKO Dr. Sadoso,Dra. Amalia Susilowati,Olahraga & Esports,2026-03-07,2026-03-07,2026-03-07,,,Tidak tercantum,Lahan Terbuka Sisi Timur WSG,Lunas,LUNAS,,2026-03-07,,UPDATE-Event-2026-up-14-Sep-2026-2.xlsx,2026-09-14
GBK26-0476,566,Kawasan,Sahur Run,ReStep,Olahraga & Esports,2026-03-07,2026-03-07,2026-03-07,,,Tidak tercantum,Jl. APEC FULL BLOCK,Lunas,Lunas,,2026-03-07,2026-03-08,UPDATE-Event-2026-up-14-Sep-2026-2.xlsx,2026-09-14
GBK26-0051,78,STADION UTAMA - PLAZA,JakCloth Ramadhan,"Koperasi Karyawan Gelora Bung Karno; Jln. Pintu Satu Senayan, Jakarta 10270",Pameran & Festival,2026-03-07,2026-03-18,4 - 19 Maret 2026 (7 - 18 Maret 2026),,,Tidak tercantum,Plaza Timur,Selesai / Lunas,Selesai / Lunas,,4 - 19 Maret 2026 (7 - 18 Maret 2026),,UPDATE-Event-2026-up-14-Sep-2026-2.xlsx,2026-09-14
GBK26-0475,565,Kawasan,Ngabuburit Pristine,Dash Sport,Lainnya,2026-03-08,2026-03-08,2026-03-08,,,Tidak tercantum,Jalur kawasan ring 4,Lunas,Lunas,,2026-03-08,2026-03-08,UPDATE-Event-2026-up-14-Sep-2026-2.xlsx,2026-09-14
GBK26-0134,181,BASKET & ANEKA LAP,SEMARAK RUPIAH RAMADHAN DAN BERKAH IDUL FITRI (SERAMBI) 2026,BANK INDONESIA,Olahraga & Esports,2026-03-12,2026-03-15,12-15 MARET,,,Tidak tercantum,GEDUNG HALL BASKET,Lunas,LUNAS,11 MARET,12-15 MARET,15 MARET,UPDATE-Event-2026-up-14-Sep-2026-2.xlsx,2026-09-14
GBK26-0052,79,STADION UTAMA - PLAZA,Peluncuran Jersey Timnas 2026,"Koperasi Karyawan Gelora Bung Karno; Jln. Pintu Satu Senayan, Jakarta 10270",MICE & Korporasi,2026-03-12,2026-03-15,10 - 15 Maret 2026 (12 - 15 Maret 2026),,,Tidak tercantum,Plaza Utara,Selesai / Lunas,Selesai / Lunas,,10 - 15 Maret 2026 (12 - 15 Maret 2026),,UPDATE-Event-2026-up-14-Sep-2026-2.xlsx,2026-09-14
GBK26-0478,568,Kawasan,Fun Run Launching ON,OMNI,Olahraga & Esports,2026-03-14,2026-03-14,2026-03-14,,,Tidak tercantum,RING 4,Lunas,Lunas,,2026-03-14,,UPDATE-Event-2026-up-14-Sep-2026-2.xlsx,2026-09-14
GBK26-0379,459,PTHK,Mudik Bersama PSI,Partai Solidaritas Indoneisa,Pemerintahan & Politik,2026-03-14,2026-03-14,14 Maret 2026,,,Tidak tercantum,Parkir Timur Utara,Lunas,Lunas,,14 Maret 2026,,UPDATE-Event-2026-up-14-Sep-2026-2.xlsx,2026-09-14
GBK26-0380,460,PTHK,Mudik Bareng,PEMDA SUMENEP,Lainnya,2026-03-15,2026-03-15,15 Maret 2026,,,Tidak tercantum,Parkir Timur Selatan,Lunas,Lunas,,15 Maret 2026,,UPDATE-Event-2026-up-14-Sep-2026-2.xlsx,2026-09-14
GBK26-0671,783,Akuatik,Mudik Aman - Berbagi Harapan IFG Group,PT Zeta Helios Idea,Olahraga & Esports,2026-03-16,2026-03-18,16 - 18 Maret 2026,,,Tidak tercantum,Lahan Parkir 3.000m2,Tidak tercantum,,,16 - 18 Maret 2026,,UPDATE-Event-2026-up-14-Sep-2026-2.xlsx,2026-09-14
GBK26-0053,80,STADION UTAMA - PLAZA,Sprite Mudik 2026,Ultima Asia,Lainnya,2026-03-16,2026-03-16,15 - 16 Maret 2026 (16 Maret 2026),,,Tidak tercantum,Plaza Tenggara,Selesai / Lunas,Selesai / Lunas,,15 - 16 Maret 2026 (16 Maret 2026),,UPDATE-Event-2026-up-14-Sep-2026-2.xlsx,2026-09-14
GBK26-0031,43,STADION UTAMA,Mudik Gratis Jasa Raharja tahun 2026,Jasa Raharja; Jl. HR Rasuna Said Kav. C2 Jakarta 12920,Lainnya,2026-03-17,2026-03-17,16 - 17 Maret 2026 (17 Maret 2026),,,Tidak tercantum,Ring Road,Selesai / Lunas,Selesai / Lunas,,16 - 17 Maret 2026 (17 Maret 2026),,UPDATE-Event-2026-up-14-Sep-2026-2.xlsx,2026-09-14
GBK26-0377,457,PTHK,MUDIK INDOMARET,INDOMARET,Lainnya,2026-03-18,2026-03-18,18 MARET 2026,,,Tidak tercantum,PPT dan PTS,Lunas,Lunas,16-17 MARET 2026,18 MARET 2026,,UPDATE-Event-2026-up-14-Sep-2026-2.xlsx,2026-09-14
GBK26-0032,44,STADION UTAMA,Mudik Bersama 2026,panconvince,Lainnya,2026-03-18,2026-03-18,17 - 18 Maret 2026 (18 Maret 2026),,,Tidak tercantum,Ring Road,Selesai / Lunas,Selesai / Lunas,,17 - 18 Maret 2026 (18 Maret 2026),,UPDATE-Event-2026-up-14-Sep-2026-2.xlsx,2026-09-14
GBK26-0135,182,BASKET & ANEKA LAP,LATIHAN FIFA SERIES 2026,PSSI,Olahraga & Esports,2026-03-24,2026-03-29,"24, 25, 26 DAN 29 MARET",,,Tidak tercantum,GEDUNG HALL BASKET,Lunas,LUNAS,,"24, 25, 26 DAN 29 MARET",,UPDATE-Event-2026-up-14-Sep-2026-2.xlsx,2026-09-14
GBK26-0136,183,BASKET & ANEKA LAP,LATIHAN FIFA SERIES 2026,PSSI,Olahraga & Esports,2026-03-24,2026-03-29,"24, 25, 26, 28 DAN 29 MARET",,,Tidak tercantum,LAPANGAN A,Belum bayar,BELUM BAYAR,,"24, 25, 26, 28 DAN 29 MARET",,UPDATE-Event-2026-up-14-Sep-2026-2.xlsx,2026-09-14
GBK26-0333,399,KANTOR PUSAT & MOS,Loading In,PT. Indonesia Muda Kreasi,Operasional,2026-03-26,2026-03-26,2026-03-26,,,Tidak tercantum,Ruang Vanda WSG,Tidak tercantum,,,2026-03-26,,UPDATE-Event-2026-up-14-Sep-2026-2.xlsx,2026-09-14
GBK26-0334,400,KANTOR PUSAT & MOS,BTN Run,,Olahraga & Esports,2026-03-27,2026-03-28,27 - 28 Maret 2026,,,Tidak tercantum,KANTOR PUSAT & MOS,Lunas,LUNAS,,27 - 28 Maret 2026,,UPDATE-Event-2026-up-14-Sep-2026-2.xlsx,2026-09-14
GBK26-0479,569,Kawasan,Aqua Shuttle Point dan Booth,PT. Aidatama Kreasi Mandiri,Lainnya,2026-03-27,2026-03-27,2026-03-27,,,Tidak tercantum,P7 - Plaza Tenggara & Pedestrian Plaza Utara,Lunas,Lunas,,2026-03-27,2026-03-30,UPDATE-Event-2026-up-14-Sep-2026-2.xlsx,2026-09-14
GBK26-0033,45,STADION UTAMA,FIFA Series 2026,"Persatuan Sepak Bola Indonesia (PSSI); GBK Arena 6th Floor, Jakarta Pusat 10270",Olahraga & Esports,2026-03-27,2026-03-30,25 - 30 Maret 2026 (27 & 30 Maret 2026),,,Tidak tercantum,Stadion Utama,Selesai / Belum bayar,Selesai / BELUM BAYAR,,25 - 30 Maret 2026 (27 & 30 Maret 2026),,UPDATE-Event-2026-up-14-Sep-2026-2.xlsx,2026-09-14
GBK26-0082,121,TENNIS,International Music Concert,"(Resky) PT. Dyandra Global Edutainment; Jl. Gelora 7 No.15 Palmerah, Jakarta Pusat",Musik & Hiburan,2026-03-28,2026-03-28,24 - 29 Maret 2026 (28 Maret 2026),,,Tidak tercantum,Tenis Indoor Single Tarif,Lunas,Lunas,,24 - 29 Maret 2026 (28 Maret 2026),,UPDATE-Event-2026-up-14-Sep-2026-2.xlsx,2026-09-14
GBK26-0335,401,KANTOR PUSAT & MOS,Titik Kumpul,Pambudi SS Prasetyo (Gudda),Lainnya,2026-03-29,2026-03-29,2026-03-29,,,Tidak tercantum,Lahan Terbuka Sisi Barat WSG,Lunas,LUNAS,,2026-03-29,,UPDATE-Event-2026-up-14-Sep-2026-2.xlsx,2026-09-14
GBK26-0672,784,Akuatik,KEJURPROV DKI,Pengurus Provinsi Akuatik Indonesia DKI Jakarta,Olahraga & Esports,2026-04-01,2026-04-03,01 - 03 April 2026,,,Tidak tercantum,Kolam Tanding dan Diving,Tidak tercantum,,,01 - 03 April 2026,,UPDATE-Event-2026-up-14-Sep-2026-2.xlsx,2026-09-14
GBK26-0336,402,KANTOR PUSAT & MOS,Latihan Lari (Strength & ABC Drill),Skolari,Olahraga & Esports,2026-04-02,2026-04-02,2026-04-02,,,Tidak tercantum,Lahan Terbuka Sisi Timur WSG,Lunas,LUNAS,,2026-04-02,,UPDATE-Event-2026-up-14-Sep-2026-2.xlsx,2026-09-14
GBK26-0002,8,INDONESIA ARENA,KKR Jumat Agung Perjamuan Kudus,Stephen Tong Evangelistic Ministries International (STMII),Keagamaan,2026-04-03,2026-04-03,2026-04-03,,,Tidak tercantum,Indonesia Arena,Lunas,Lunas,2026-04-02,2026-04-03,2026-04-04,UPDATE-Event-2026-up-14-Sep-2026-2.xlsx,2026-09-14
GBK26-0673,785,Akuatik,Jakarta Freedive Competition,Klub Freedive,Olahraga & Esports,2026-04-04,2026-04-05,4 - 5 April 2026,,,Tidak tercantum,Kolam Polo,Tidak tercantum,,,4 - 5 April 2026,,UPDATE-Event-2026-up-14-Sep-2026-2.xlsx,2026-09-14
GBK26-0137,184,BASKET & ANEKA LAP,LIGA TOPSCORE INDONESIA 2026,PSSI DKI JAKARTA,Olahraga & Esports,2026-04-04,2026-04-26,"4, 5, 11, 12, 25 DAN 26 APRIL",,,Tidak tercantum,"LAPANGAN RUGBY, LAPANGAN C DAN LAPANGAN B",Lunas,LUNAS,-,"4, 5, 11, 12, 25 DAN 26 APRIL",-,UPDATE-Event-2026-up-14-Sep-2026-2.xlsx,2026-09-14
GBK26-0337,403,KANTOR PUSAT & MOS,Pernikahan,Aan (Ponakan Pak Hendri),Pernikahan & Pribadi,2026-04-04,2026-04-04,2026-04-04,,,Tidak tercantum,Ruang Cattelya WSG,Lunas,LUNAS,,2026-04-04,,UPDATE-Event-2026-up-14-Sep-2026-2.xlsx,2026-09-14
GBK26-0613,714,Istora,Konfrensi Tingkat Tinggi (KTT) Ke-12 D-8,Sekneg,Lainnya,2026-04-05,2026-04-16,05-16 April 2026,,,Tidak tercantum,Istora,Tidak tercantum,,,05-16 April 2026,,UPDATE-Event-2026-up-14-Sep-2026-2.xlsx,2026-09-14
GBK26-0480,570,Kawasan,Platarun Six Series,PT. Plataran Hutan Kota,Lainnya,2026-04-05,2026-04-05,2026-04-05,,,Tidak tercantum,Jalur Hutan Kota - Pintu 7,Lunas,Lunas,,2026-04-05,2026-04-05,UPDATE-Event-2026-up-14-Sep-2026-2.xlsx,2026-09-14
GBK26-0674,786,Akuatik,Tigers Cup 2026,Klub Rising Tigers,Olahraga & Esports,2026-04-11,2026-04-11,2026-04-11,,,Tidak tercantum,Kolam Tanding dan Diving,Tidak tercantum,,,2026-04-11,,UPDATE-Event-2026-up-14-Sep-2026-2.xlsx,2026-09-14
GBK26-0338,404,KANTOR PUSAT & MOS,Pernikahan,Ari Prabowo,Pernikahan & Pribadi,2026-04-11,2026-04-11,2026-04-11,,,Tidak tercantum,Aula Masjid Albina,Lunas,LUNAS,,2026-04-11,,UPDATE-Event-2026-up-14-Sep-2026-2.xlsx,2026-09-14
GBK26-0339,405,KANTOR PUSAT & MOS,Senam Lansia Klub PKO Dr. Sadoso,Dra. Amalia Susilowati,Olahraga & Esports,2026-04-11,2026-04-11,2026-04-11,,,Tidak tercantum,Lahan Terbuka Sisi Timur WSG,Tidak tercantum,,,2026-04-11,,UPDATE-Event-2026-up-14-Sep-2026-2.xlsx,2026-09-14
GBK26-0034,46,STADION UTAMA,Kompetisi BRI Super League Musim 2025/2026 — Persija Jakarta vs Persebaya Surabaya,"PT. Persija Jaya Jakarta; Rasuna Office Park Unit GF-02; Jl. HR. Rasuna Said, Jakarta 12960",Olahraga & Esports,2026-04-11,2026-04-11,2026-04-11,,,Tidak tercantum,Stadion Utama,Selesai / Lunas,Selesai / Lunas,,2026-04-11,,UPDATE-Event-2026-up-14-Sep-2026-2.xlsx,2026-09-14
GBK26-0079,118,TENNIS,Kejuaraan Davis Cup World Group II,Persatuan Tenis Seluruh Indonesia PELTI (Satria Data Pambudi),Olahraga & Esports,2026-04-11,2026-04-11,09 s.d 12 April 2026 (11 April 2026),,,Tidak tercantum,Tenis Center Court Sport,Soft booking,Softbook,,09 s.d 12 April 2026 (11 April 2026),,UPDATE-Event-2026-up-14-Sep-2026-2.xlsx,2026-09-14
GBK26-0083,122,TENNIS,Silaturahmi Samudera Indonesia 26,PT.Ista Indonesia Samudera Indonesia Building Jl.Letjen Suparman Kav 15 Jakarta Indonesia,Olahraga & Esports,2026-04-11,2026-04-11,09 s.d 12 April 2026 (11 April 2026),,,Tidak tercantum,Tenis Indoor Single Tarif,Lunas,Lunas,,09 s.d 12 April 2026 (11 April 2026),,UPDATE-Event-2026-up-14-Sep-2026-2.xlsx,2026-09-14
GBK26-0340,406,KANTOR PUSAT & MOS,Pernikahan,Sukma Irawan,Pernikahan & Pribadi,2026-04-12,2026-04-12,2026-04-12,,,Tidak tercantum,Ruang Cattelya WSG,Lunas,LUNAS,,2026-04-12,,UPDATE-Event-2026-up-14-Sep-2026-2.xlsx,2026-09-14
GBK26-0481,571,Kawasan,reschedule Event run for hope,PT. Noble Creative Network,Olahraga & Esports,2026-04-12,2026-04-12,2026-04-12,,,Tidak tercantum,OYR-Plz tenggara-P5-P7,Lunas,Lunas,,2026-04-12,,UPDATE-Event-2026-up-14-Sep-2026-2.xlsx,2026-09-14
GBK26-0138,185,BASKET & ANEKA LAP,PODCAST COCACOLA DAN GRASSROT TOURNAMENT,PT. GARUDA GEMAH NUSANTARA,Olahraga & Esports,2026-04-13,2026-04-14,13-14 APRIL,,,Tidak tercantum,LAPANGAN A,Lunas,LUNAS,-,13-14 APRIL,-,UPDATE-Event-2026-up-14-Sep-2026-2.xlsx,2026-09-14
GBK26-0139,186,BASKET & ANEKA LAP,ASIAN KUNG-FU GENERATION 30TH ANNIVERSARY LIVE IN INDONESIA,HYPE LIVE,Olahraga & Esports,2026-04-18,2026-04-18,2026-04-18,,,Tidak tercantum,GEDUNG HALL BASKET,Lunas,LUNAS,16-17 APRIL,2026-04-18,2026-04-19,UPDATE-Event-2026-up-14-Sep-2026-2.xlsx,2026-09-14
GBK26-0035,47,STADION UTAMA,Pertandingan Sepak Bola International — Clash of Legends — (Barcelona Legends vs DRX World Legends),"MPRO International; Tempo Scan Tower level 32; Jl. HR Rasuna Said kav.3-4, Jakarta 12950",Olahraga & Esports,2026-04-18,2026-04-18,17 - 18 April 2026 ( 18 April 2026 ),,,Tidak tercantum,Stadion Utama,Selesai / Lunas,Selesai / Lunas,,17 - 18 April 2026 ( 18 April 2026 ),,UPDATE-Event-2026-up-14-Sep-2026-2.xlsx,2026-09-14
GBK26-0080,119,TENNIS,Konser Musik Internasional,PT Mitra Muda JayaPK Entertainment (Tita),Pemerintahan & Politik,2026-04-18,2026-04-18,16 s.d 19 April 2026 (18 April 2026),,,Tidak tercantum,Tenis Indoor Single Tarif,Lunas,Lunas,,16 s.d 19 April 2026 (18 April 2026),,UPDATE-Event-2026-up-14-Sep-2026-2.xlsx,2026-09-14
GBK26-0084,123,TENNIS,Pagelaran Wayang HUT PT. Pupuk Indonesia,"(Lizta) PT. CAHAYA KUNANG KOMUNIKA; Gedung Graha Mampang Lantai.3 Suite.305,; Jl. Mampang Prapatan Raya Kav.100; Jakarta Selatan,12760",Olahraga & Esports,2026-04-18,2026-04-18,16 s.d 19 April 2026 (18 April 2026),,,Tidak tercantum,Baseball Paket A,Lunas,Lunas,,16 s.d 19 April 2026 (18 April 2026),,UPDATE-Event-2026-up-14-Sep-2026-2.xlsx,2026-09-14
GBK26-0341,407,KANTOR PUSAT & MOS,Halal Bi Halal,Ikatan Keluarga Masyarakat Belitung (IKMB),Keagamaan,2026-04-19,2026-04-19,2026-04-19,,,Tidak tercantum,Ruang Cattelya WSG,Lunas,LUNAS,,2026-04-19,,UPDATE-Event-2026-up-14-Sep-2026-2.xlsx,2026-09-14
GBK26-0482,572,Kawasan,Woman Days Run 2026,HAIER WDR,Olahraga & Esports,2026-04-19,2026-04-19,2026-04-19,,,Tidak tercantum,Jl. KTT - Pintu 7,Administrasi surat,Surat,,2026-04-19,2026-04-19,UPDATE-Event-2026-up-14-Sep-2026-2.xlsx,2026-09-14
GBK26-0054,81,STADION UTAMA - PLAZA,Haier Women's Day Run 2026,"Panitia Haier Women's Day Run 2026; Sekretariat Gedung DPR/MPR RI; Nusantara 1 Lt.14, Jl. Jend. Gatot Subroto, Senayan Jakarta 10270",Pemerintahan & Politik,2026-04-19,2026-04-19,18 - 19 April 2026 (19 April 2026),,,Tidak tercantum,Plaza Timur,Selesai / Lunas,Selesai / Lunas,,18 - 19 April 2026 (19 April 2026),,UPDATE-Event-2026-up-14-Sep-2026-2.xlsx,2026-09-14
GBK26-0483,573,Kawasan,WONDER LIGHT WONDERLAND,ETERNAL FORTUNE INDONESIA,Lainnya,2026-04-20,2026-04-20,2026-04-20,,,Tidak tercantum,TAMAN ANGGREK,Administrasi surat,Surat,,2026-04-20,2026-07-18,UPDATE-Event-2026-up-14-Sep-2026-2.xlsx,2026-09-14
GBK26-0140,187,BASKET & ANEKA LAP,WOMENS ASIAN GAMES QUALIFER 2026,PP FEDERASI HOCKEY INDONESIA,Olahraga & Esports,2026-04-22,2026-04-29,22-29 APRIL,,,Tidak tercantum,LAPANGAN HOKI 2,DP,DP,-,22-29 APRIL,-,UPDATE-Event-2026-up-14-Sep-2026-2.xlsx,2026-09-14
GBK26-0141,188,BASKET & ANEKA LAP,KARTINI CUP 2026,BU INDRIE,Olahraga & Esports,2026-04-23,2026-04-25,23 - 25 APRIL,,,Tidak tercantum,LAPANGAN PANAHAN,Lunas,LUNAS,-,23 - 25 APRIL,-,UPDATE-Event-2026-up-14-Sep-2026-2.xlsx,2026-09-14
GBK26-0614,715,Istora,Disney On Ice 2025,PT. Maju Terus Kreasi,Lainnya,2026-04-24,2026-05-03,24-26 & 29 April - 3 Mei 2026,,,Tidak tercantum,Istora,1700000000,1700000000,20 - 23 April 2026,24-26 & 29 April - 3 Mei 2026,4 Mei 2026,UPDATE-Event-2026-up-14-Sep-2026-2.xlsx,2026-09-14
GBK26-0194,251,JICC,Pemilihan Putri Indonesia 2026,PT Mustika Ratu,MICE & Korporasi,2026-04-24,2026-04-24,2026-04-24,,,Tidak tercantum,"Plenary Hall , Summit Room",Tidak tercantum,,20 s.d 23 April,2026-04-24,2026-04-24,UPDATE-Event-2026-up-14-Sep-2026-2.xlsx,2026-09-14
GBK26-0675,787,Akuatik,LIMAU FESTIVAL VOL. III,SMA Muhammadiyah 3 Jakarta,Olahraga & Esports,2026-04-25,2026-04-27,25 - 27 April 2026,,,Tidak tercantum,Lahan Parkir 5.000m2,Tidak tercantum,,,25 - 27 April 2026,,UPDATE-Event-2026-up-14-Sep-2026-2.xlsx,2026-09-14
GBK26-0003,9,INDONESIA ARENA,International Music Concert,PT. Idea Music Entertainment,Musik & Hiburan,2026-04-25,2026-04-26,25-26 April 2026,,,Tidak tercantum,Indonesia Arena,Lunas,Lunas,21-24 April 2026,25-26 April 2026,2026-04-27,UPDATE-Event-2026-up-14-Sep-2026-2.xlsx,2026-09-14
GBK26-0484,574,Kawasan,TRING GOLDERRUN 2026,QUSCORE,Lainnya,2026-04-25,2026-04-25,2026-04-25,,,Tidak tercantum,Jl. APec - Pintu 7,Administrasi surat,Surat,,2026-04-25,2026-04-26,UPDATE-Event-2026-up-14-Sep-2026-2.xlsx,2026-09-14
GBK26-0086,125,TENNIS,Festival Musik Lokal,(Adrian) Music Gallery UI,Musik & Hiburan,2026-04-25,2026-04-25,22 s.d 26 April 2026 (25 April 2026),,,Tidak tercantum,Madya B Single Tarif,Lunas,Lunas,,22 s.d 26 April 2026 (25 April 2026),,UPDATE-Event-2026-up-14-Sep-2026-2.xlsx,2026-09-14
GBK26-0142,189,BASKET & ANEKA LAP,META RUN,KOMUNITAS META RUN,Olahraga & Esports,2026-04-26,2026-04-26,2026-04-26,,,Tidak tercantum,"PANJAT TEBING, HOKI 1 DAN BASKET OUTDOOR",Lunas,LUNAS,-,2026-04-26,-,UPDATE-Event-2026-up-14-Sep-2026-2.xlsx,2026-09-14
GBK26-0196,253,JICC,Employee Gathering Bank Jakarta,Bank Jakarta,MICE & Korporasi,2026-04-26,2026-04-26,2026-04-26,,,Tidak tercantum,"Plenary Hall, Lobby Plenary",Tidak tercantum,,2026-04-25,2026-04-26,2026-04-27,UPDATE-Event-2026-up-14-Sep-2026-2.xlsx,2026-09-14
GBK26-0342,408,KANTOR PUSAT & MOS,Turnamen Catur Terbuka Ketua Baleg DPR RI Bob Hasan Tahun 2026,Najmu Aleza Lathfi,Pemerintahan & Politik,2026-04-26,2026-04-26,2026-04-26,,,Tidak tercantum,Ruang Vanda WSG,Lunas,LUNAS,,2026-04-26,,UPDATE-Event-2026-up-14-Sep-2026-2.xlsx,2026-09-14
GBK26-0382,462,PTHK,PEGADAIAN,KOPERASI,Komunitas & Gaya Hidup,2026-04-26,2026-04-26,2026-04-26,,,Tidak tercantum,PLAZA PARKIR TIMUR,Administrasi surat,Surat,,2026-04-26,,UPDATE-Event-2026-up-14-Sep-2026-2.xlsx,2026-09-14
GBK26-0676,788,Akuatik,Indonesia National Age Group (INAG)/Kejurnas — Cabor Renang dan Polo Air,PB Akuatik Indonesia,Olahraga & Esports,2026-04-27,2026-05-01,27 April - 01 Mei 2026,,,Tidak tercantum,1. Kolam Tanding; 2. Kolam Diving; 3. Kolam Polo; 4. Kolam Pemanasan,Tidak tercantum,,,27 April - 01 Mei 2026,,UPDATE-Event-2026-up-14-Sep-2026-2.xlsx,2026-09-14
GBK26-0036,48,STADION UTAMA,Kompetisi BRI Super League Musim 2025/2026 — Persija Jakarta vs Persis Solo,"PT. Persija Jaya Jakarta; Rasuna Office Park Unit GF-02; Jl. HR. Rasuna Said, Jakarta 12960",Olahraga & Esports,2026-04-27,2026-04-27,2026-04-27,,,Tidak tercantum,Stadion Utama,Selesai / Lunas,Selesai / Lunas,,2026-04-27,,UPDATE-Event-2026-up-14-Sep-2026-2.xlsx,2026-09-14
GBK26-0143,190,BASKET & ANEKA LAP,PRA OLIMPIADE RANGKAIAN HUT KE-14 PT PUPUK INDONSIA (PERSERO),PT MEDIA KOMUNIKASI KITA,Olahraga & Esports,2026-04-30,2026-04-30,2026-04-30,,,Tidak tercantum,GEDUNG HALL BASKET,Dijadwalkan ulang,RESCHEDULE,27-29 APRIL,2026-04-30,1 MEI,UPDATE-Event-2026-up-14-Sep-2026-2.xlsx,2026-09-14
GBK26-0677,789,Akuatik,4th GBM Master Sprint Swimming Championship,Indo Master Swimmers,Olahraga & Esports,2026-05-02,2026-05-02,02 Mei 2026,,,Tidak tercantum,Kolam Tanding dan Diving,Tidak tercantum,,,02 Mei 2026,,UPDATE-Event-2026-up-14-Sep-2026-2.xlsx,2026-09-14
GBK26-0144,191,BASKET & ANEKA LAP,JAKARTA HOCKEY MEET 2026,PUNCAK SPORT ACADEMY,Pendidikan & Wisuda,2026-05-02,2026-05-03,2 - 3 MEI,,,Tidak tercantum,LAPANGAN HOKI 2,Lunas,LUNAS,-,2 - 3 MEI,-,UPDATE-Event-2026-up-14-Sep-2026-2.xlsx,2026-09-14
GBK26-0145,192,BASKET & ANEKA LAP,LIGA TOPSCORE INDONESIA 2026,PSSI DKI JAKARTA,Olahraga & Esports,2026-05-02,2026-05-31,"2, 3, 9, 10, 16, 17, 24, 30 DAN 31 MEI",,,Tidak tercantum,"LAPANGAN RUGBY, LAPANGAN C DAN LAPANGAN B",Lunas,LUNAS,-,"2, 3, 9, 10, 16, 17, 24, 30 DAN 31 MEI",-,UPDATE-Event-2026-up-14-Sep-2026-2.xlsx,2026-09-14
GBK26-0197,254,JICC,Wisuda Universitas Binus,Universitas Bina Nusantara,Pendidikan & Wisuda,2026-05-02,2026-05-02,2026-05-02,,,Tidak tercantum,"Plenary Hall, Lobby Plenary, Merak Room 1 , 2 , 3",Tidak tercantum,,2026-05-01,2026-05-02,2026-05-02,UPDATE-Event-2026-up-14-Sep-2026-2.xlsx,2026-09-14
GBK26-0343,409,KANTOR PUSAT & MOS,Pernikahan,Nur Zain Rosdelima dan Eki,Pernikahan & Pribadi,2026-05-02,2026-05-02,2026-05-02,,,Tidak tercantum,Ruang Cattelya WSG,Tidak tercantum,,,2026-05-02,,UPDATE-Event-2026-up-14-Sep-2026-2.xlsx,2026-09-14
GBK26-0485,575,Kawasan,Ladies Flowers Ride - Soklin Pewangi,PT. Radio Ardan Swaratama,Lainnya,2026-05-02,2026-05-02,2026-05-02,,,Tidak tercantum,Jl. Apec - Pintu 7,Lunas,PAID,,2026-05-02,2026-05-02,UPDATE-Event-2026-up-14-Sep-2026-2.xlsx,2026-09-14
GBK26-0381,461,PTHK,LADIES FLOWER RIDE -SOKLIN PEWANGI,PT. RADIO ARDAN SWARATAMA,Lainnya,2026-05-02,2026-05-02,2 MEI 2026,,,Tidak tercantum,"PLAZA PARKIR TIMUR, PARKIR TIMUR SELATAN",DP,DP,2026-05-01,2 MEI 2026,,UPDATE-Event-2026-up-14-Sep-2026-2.xlsx,2026-09-14
GBK26-0678,790,Akuatik,Kerjunas — Cabor Renang Artistik dan Loncat Indah,PB Akuatik Indonesia,Olahraga & Esports,2026-05-04,2026-05-07,04 - 07 Mei 2026,,,Tidak tercantum,1. Kolam Tanding; 2. Kolam Diving,Tidak tercantum,,,04 - 07 Mei 2026,,UPDATE-Event-2026-up-14-Sep-2026-2.xlsx,2026-09-14
GBK26-0198,255,JICC,Audy Dental Anniversary,PT Audy Mandiri Indonesia,MICE & Korporasi,2026-05-05,2026-05-05,2026-05-05,,,Tidak tercantum,"Assembly Hall, Lobby Assembly",Tidak tercantum,,3 s.d 4 Mei,2026-05-05,2026-05-05,UPDATE-Event-2026-up-14-Sep-2026-2.xlsx,2026-09-14
GBK26-0199,256,JICC,Wisuda Universitas Trissakti,Universitas Trisakti,Pendidikan & Wisuda,2026-05-05,2026-05-05,2026-05-05,,,Tidak tercantum,"Cendrawasih Hall, Lobby Cendrawasih, Plenary Hall, Lobby Plenary, & Merak Room",Tidak tercantum,,2026-05-04,2026-05-05,2026-05-05,UPDATE-Event-2026-up-14-Sep-2026-2.xlsx,2026-09-14
GBK26-0486,576,Kawasan,syuting,STARVISION,Lainnya,2026-05-06,2026-05-06,2026-05-06,,,Tidak tercantum,JL APEC,Dibatalkan,CANCLE,,2026-05-06,,UPDATE-Event-2026-up-14-Sep-2026-2.xlsx,2026-09-14
GBK26-0087,126,TENNIS,Starvision,"PT KHARISMA STARVISION PLUS Jalan Cempaka Putih Raya No.11A, Cempaka Putih Tengah, RT.4/RW.6, Cemp. Putih Tim., Kec. Cemp. Putih, Kota Jakarta Pusat(Agung)",Olahraga & Esports,2026-05-07,2026-05-10,30 April s.d 11 Mei 2026 (7-10 Mei 2026),,,Tidak tercantum,Tenis Indoor Single Tarif,Lunas,Lunas,,30 April s.d 11 Mei 2026 (7-10 Mei 2026),,UPDATE-Event-2026-up-14-Sep-2026-2.xlsx,2026-09-14
GBK26-0200,257,JICC,Rapimnas Partai Rakyat Indonesia,Partai Rakyat Indonesia,Pemerintahan & Politik,2026-05-08,2026-05-09,8 s.d9 Mei,,,Tidak tercantum,"Assembly Hall, Lobby Assembly",Tidak tercantum,,6 s.d 7 Mei,8 s.d9 Mei,2026-05-09,UPDATE-Event-2026-up-14-Sep-2026-2.xlsx,2026-09-14
GBK26-0487,577,Kawasan,Grand Launching Michelin Anakee Adventure 2,Garwa Nawasena Indonesia,MICE & Korporasi,2026-05-08,2026-05-08,2026-05-08,,,Tidak tercantum,Taman Anggrek/Taman Kridaloka,Administrasi surat,SUDAH BERSURAT,,2026-05-08,2026-05-09,UPDATE-Event-2026-up-14-Sep-2026-2.xlsx,2026-09-14
GBK26-0679,791,Akuatik,Triathlon Buddies,Perkumpulan Thriatlon Buddies Indonesia,Olahraga & Esports,2026-05-09,2026-05-09,2026-05-09,,,Tidak tercantum,1. Kolam Tanding dan Diving; 2. Lahan Parkir 3.000m2,Tidak tercantum,,,2026-05-09,,UPDATE-Event-2026-up-14-Sep-2026-2.xlsx,2026-09-14
GBK26-0146,193,BASKET & ANEKA LAP,BSS INTERNAL CUP,BSS INDONESIA,Olahraga & Esports,2026-05-09,2026-05-10,9-10 MEI,,,Tidak tercantum,LAPANGAN RUGBY,Lunas,LUNAS,-,9-10 MEI,-,UPDATE-Event-2026-up-14-Sep-2026-2.xlsx,2026-09-14
GBK26-0488,578,Kawasan,Anniversary Triathlon 2026,Triathlon Buddies,MICE & Korporasi,2026-05-09,2026-05-09,2026-05-09,,,Tidak tercantum,Jalur ring 4,Lunas,PAID,,2026-05-09,2026-05-09,UPDATE-Event-2026-up-14-Sep-2026-2.xlsx,2026-09-14
GBK26-0491,581,Kawasan,Foto Session Buku Tahunan,TK Little Seeds Jakarta,Lainnya,2026-05-09,2026-05-09,2026-05-09,,,Tidak tercantum,Taman Anggrek,Administrasi surat,SUDAH BERSURAT,,2026-05-09,2026-05-09,UPDATE-Event-2026-up-14-Sep-2026-2.xlsx,2026-09-14
GBK26-0489,579,Kawasan,Fun Run 5K FDC Foundation,FDC Foundation,Olahraga & Esports,2026-05-09,2026-05-09,2026-05-09,,,Tidak tercantum,Jalur Area Kawasan RING 4,Lunas,PAID,,2026-05-09,,UPDATE-Event-2026-up-14-Sep-2026-2.xlsx,2026-09-14
GBK26-0490,580,Kawasan,Fun run Uniqlo in motion,Ultima Asia Wahyudi,Olahraga & Esports,2026-05-09,2026-05-09,2026-05-09,,,Tidak tercantum,Jalur pedestrian P10,Lunas,PAID,,2026-05-09,,UPDATE-Event-2026-up-14-Sep-2026-2.xlsx,2026-09-14
GBK26-0088,127,TENNIS,Konser Musik Lokal,(Rahmat Hidayat) FDC Foundation Concert; Jl.H. Ahmad No.38 RT.04/03 Pondoik Bambu Duren Sawit Jakarta Timur,Musik & Hiburan,2026-05-09,2026-05-09,6 Mei - 10 Mei 2026 (09 Mei 2026),,,Tidak tercantum,Madya Paket B,Lunas,Lunas,,6 Mei - 10 Mei 2026 (09 Mei 2026),,UPDATE-Event-2026-up-14-Sep-2026-2.xlsx,2026-09-14
GBK26-0615,716,Istora,HUT Grib Jaya Ke-15,Grib Jaya,Lainnya,2026-05-10,2026-05-10,10 Mei 2026,,,Tidak tercantum,Istora,Tidak tercantum,,7-9 Mei 2026,10 Mei 2026,,UPDATE-Event-2026-up-14-Sep-2026-2.xlsx,2026-09-14
GBK26-0493,583,Kawasan,Publikasi BAF FAIR,Kejaksaaan RI,Pameran & Festival,2026-05-10,2026-05-10,2026-05-10,,,Tidak tercantum,Cekungan 6,Administrasi surat,SUDAH BERSURAT,,2026-05-10,,UPDATE-Event-2026-up-14-Sep-2026-2.xlsx,2026-09-14
GBK26-0492,582,Kawasan,foto Buku tahunan sekolah SMP 88,Liana Paramyta,Pendidikan & Wisuda,2026-05-10,2026-05-10,2026-05-10,,,Tidak tercantum,Bukit persahabatan or taman anggrek,Administrasi surat,SUDAH BERSURAT,,2026-05-10,,UPDATE-Event-2026-up-14-Sep-2026-2.xlsx,2026-09-14
GBK26-0383,463,PTHK,Kejari,Kejaksaan,Lainnya,2026-05-10,2026-05-10,10 Mei,,,Tidak tercantum,PLAZA SUDIRMAN,Tidak tercantum,,,10 Mei,,UPDATE-Event-2026-up-14-Sep-2026-2.xlsx,2026-09-14
GBK26-0201,258,JICC,Wisuda Universitas Gunadarma,Universitas Gunadarma,Pendidikan & Wisuda,2026-05-11,2026-05-11,2026-05-11,,,Tidak tercantum,"Plenary Hall, Lobby Plenary",Tidak tercantum,,2026-05-10,2026-05-11,2026-05-11,UPDATE-Event-2026-up-14-Sep-2026-2.xlsx,2026-09-14
GBK26-0680,792,Akuatik,Senayan Swim Series,I Gede Siman Sudartawa,Olahraga & Esports,2026-05-12,2026-05-13,12 - 13 Mei 2026,,,Tidak tercantum,1. Kolam Tanding; 2. Kolam Diving,Tidak tercantum,,,12 - 13 Mei 2026,,UPDATE-Event-2026-up-14-Sep-2026-2.xlsx,2026-09-14
GBK26-0202,259,JICC,Met Connex,PT Indonesia Magenta Artistik,Lainnya,2026-05-12,2026-05-13,12 s.d 13 Mei,,,Tidak tercantum,"Assembly Hall, Lobby Assembly, Merak Room 1-3, Nuri Room 1-2",Tidak tercantum,,10 s.d 11 mei,12 s.d 13 Mei,2026-05-13,UPDATE-Event-2026-up-14-Sep-2026-2.xlsx,2026-09-14
GBK26-0203,260,JICC,Wisuda Universitas Pancasila,Universtitas Pancasila,Pendidikan & Wisuda,2026-05-13,2026-05-13,2026-05-13,,,Tidak tercantum,"Plenary Hall, Lobby Plenary",Tidak tercantum,,2026-05-12,2026-05-13,2026-05-13,UPDATE-Event-2026-up-14-Sep-2026-2.xlsx,2026-09-14
GBK26-0089,128,TENNIS,KONSER MUSIK NASIONAL,(PUTRI) PT ELEVASI KOMUNIKASI INDONESIA,Pemerintahan & Politik,2026-05-13,2026-05-13,11 Mei s.d 14 Mei 2026 (13 Mei 2026),,,Tidak tercantum,Tenis Indoor Single Tarif,Lunas,Lunas,,11 Mei s.d 14 Mei 2026 (13 Mei 2026),,UPDATE-Event-2026-up-14-Sep-2026-2.xlsx,2026-09-14
GBK26-0147,194,BASKET & ANEKA LAP,PENUKARAN TIKET KONSER ONE OK ROCK,PT TEM GROUP INDONESIA / PK ENTERTAINMENT,Musik & Hiburan,2026-05-15,2026-05-16,15-16 MEI,,,Tidak tercantum,BASKET & ANEKA LAP,Tidak tercantum,,,15-16 MEI,,UPDATE-Event-2026-up-14-Sep-2026-2.xlsx,2026-09-14
GBK26-0204,261,JICC,Musyawarah Besar KOSGORO 2026,,MICE & Korporasi,2026-05-15,2026-05-17,15-17 Mei,,,Tidak tercantum,"Cendrawasih Room, Lobby Cendrawasih",Tidak tercantum,,13-14 Mei,15-17 Mei,2026-05-17,UPDATE-Event-2026-up-14-Sep-2026-2.xlsx,2026-09-14
GBK26-0496,586,Kawasan,BYD TWD,DRUPADI ARTHA MULIA NUSANTARA (DAMN),Lainnya,2026-05-15,2026-05-15,2026-05-15,,,Tidak tercantum,PARSEL BARAT DAN TIMUR,Administrasi surat,BELUM BERSURAT,,2026-05-15,2026-05-25,UPDATE-Event-2026-up-14-Sep-2026-2.xlsx,2026-09-14
GBK26-0494,584,Kawasan,DIGILAND FUN RUN,PT. MEGAH ALENGGA,Olahraga & Esports,2026-05-15,2026-05-15,2026-05-15,,,Tidak tercantum,PINTU 10 - JALAN APEC,Dibatalkan,CANCLE,,2026-05-15,2026-05-17,UPDATE-Event-2026-up-14-Sep-2026-2.xlsx,2026-09-14
GBK26-0495,585,Kawasan,DIGILAND FUN RUN,PT. SANDIKA PITAYA LAKSYA,Olahraga & Esports,2026-05-15,2026-05-15,2026-05-15,,,Tidak tercantum,P10-JALAN APEC,Administrasi surat,SUDAH BERSURAT,,2026-05-15,2026-05-17,UPDATE-Event-2026-up-14-Sep-2026-2.xlsx,2026-09-14
GBK26-0004,10,INDONESIA ARENA,Music Concert,PT. Mitra Muda Jaya (PK Entertainment),Musik & Hiburan,2026-05-16,2026-05-16,16 Mei 2026,,,Tidak tercantum,Indonesia Arena,DP,DP,12 s.d 15 Mei 2026,16 Mei 2026,17 Mei 2026,UPDATE-Event-2026-up-14-Sep-2026-2.xlsx,2026-09-14
GBK26-0205,262,JICC,Wisuda Tarumanegara,Universitas Tarumanegara,Pendidikan & Wisuda,2026-05-16,2026-05-16,2026-05-16,,,Tidak tercantum,"Plenary Hall, Lobby Plenary, Merak Room 1-2",Tidak tercantum,,2026-05-15,2026-05-16,2026-05-16,UPDATE-Event-2026-up-14-Sep-2026-2.xlsx,2026-09-14
GBK26-0344,410,KANTOR PUSAT & MOS,Tasyakuran Kelulusan,SMA Negeri 46 Jakarta (Usman T Manoppo),Lainnya,2026-05-16,2026-05-16,2026-05-16,,,Tidak tercantum,Ruang Vanda WSG,Tidak tercantum,,,2026-05-16,,UPDATE-Event-2026-up-14-Sep-2026-2.xlsx,2026-09-14
GBK26-0499,589,Kawasan,Bershalawat,Vani,Lainnya,2026-05-16,2026-05-16,2026-05-16,,,Tidak tercantum,Bukti Persahabatan,Administrasi surat,BELUM BERSURAT,,2026-05-16,,UPDATE-Event-2026-up-14-Sep-2026-2.xlsx,2026-09-14
GBK26-0498,588,Kawasan,Festival Experience,PT. Sayap Mas Utama,Pameran & Festival,2026-05-16,2026-05-16,2026-05-16,,,Tidak tercantum,TAMAN ANGGREK,Dibatalkan,CANCLE,,2026-05-16,2026-05-26,UPDATE-Event-2026-up-14-Sep-2026-2.xlsx,2026-09-14
GBK26-0497,587,Kawasan,Toyota Day 2026,EO SPU,Lainnya,2026-05-16,2026-05-16,2026-05-16,,,Tidak tercantum,PARSEL TIMUR,Invoice,INVOICE,,2026-05-16,2026-05-16,UPDATE-Event-2026-up-14-Sep-2026-2.xlsx,2026-09-14
GBK26-0384,464,PTHK,JAMBORE TOYOTA 2026,TOYOTA,Lainnya,2026-05-16,2026-05-16,16 MEI,,,Tidak tercantum,"PARKIR TIMUR SELATAN, ELEVATED A, PTS",DP,DP,13-15 MEI,16 MEI,17 Mei 2026,UPDATE-Event-2026-up-14-Sep-2026-2.xlsx,2026-09-14
GBK26-0090,129,TENNIS,Symphony Worship 2026,"(Radif) CV GLOBAL BISNIS INDONESIA Jl Buana Biru Besar , Kembangan Utara, Kembangan Jakarta Barat",Olahraga & Esports,2026-05-16,2026-05-16,14 Mei s.d 17 Mei 2026 (16 Mei 2026),,,Tidak tercantum,Tenis Indoor Paket Full,Lunas,Lunas,,14 Mei s.d 17 Mei 2026 (16 Mei 2026),,UPDATE-Event-2026-up-14-Sep-2026-2.xlsx,2026-09-14
GBK26-0616,717,Istora,DIGILAND RUN 2026,Telkomsel,Olahraga & Esports,2026-05-17,2026-05-17,17 Mei 2026,,,Tidak tercantum,Istora,850000000,850000000,11-16 Mei 2026,17 Mei 2026,18 Mei 2026,UPDATE-Event-2026-up-14-Sep-2026-2.xlsx,2026-09-14
GBK26-0385,465,PTHK,DIGILAND,IMMR,Lainnya,2026-05-17,2026-05-17,17 MEI 2026,,,Tidak tercantum,PLAZA PARKIR TIMUR,Administrasi surat,Surat,,17 MEI 2026,,UPDATE-Event-2026-up-14-Sep-2026-2.xlsx,2026-09-14
GBK26-0055,82,STADION UTAMA - PLAZA,DIGILAND RUN 2026 — (Rangkaian DIGILAND 2026 di ISTORA),"PT. Sandika Pitaya Laksya; Wisma Maktour Lt.3, Jl. Otista Raya No.80; Jatinegara, Jakarta Timur 13330",Olahraga & Esports,2026-05-17,2026-05-17,Plaza Utara 15 - 16 Mei 2026 (17 Mei 2026) Ringroad 16 - 17 Mei 2026 (17 Mei 2026),,,Tidak tercantum,Plaza Utara; Ringroad,Selesai / Lunas,Selesai / Lunas,,Plaza Utara 15 - 16 Mei 2026 (17 Mei 2026) Ringroad 16 - 17 Mei 2026 (17 Mei 2026),,UPDATE-Event-2026-up-14-Sep-2026-2.xlsx,2026-09-14
GBK26-0206,263,JICC,Wisuda UPN,Universitas Veteran,Pendidikan & Wisuda,2026-05-18,2026-05-18,2026-05-18,,,Tidak tercantum,"Plenary Hall, Lobby Plenary",Tidak tercantum,,2026-05-17,2026-05-18,2026-05-18,UPDATE-Event-2026-up-14-Sep-2026-2.xlsx,2026-09-14
GBK26-0345,411,KANTOR PUSAT & MOS,Temu Kangen,Gorsena (Pensiunan Pegawai PPKGBk),Lainnya,2026-05-19,2026-05-20,19 / 20 Mei 2026,,,Tidak tercantum,Ruang Vanda WSG,Tidak tercantum,,,19 / 20 Mei 2026,,UPDATE-Event-2026-up-14-Sep-2026-2.xlsx,2026-09-14
GBK26-0617,718,Istora,Marapthon The Last Tale,PT. Anak Langit Productiion,Lainnya,2026-05-20,2026-05-20,20 Mei 2026,,,Tidak tercantum,Istora,Tidak tercantum,,19 Mei 2026,20 Mei 2026,21 Mei 2026,UPDATE-Event-2026-up-14-Sep-2026-2.xlsx,2026-09-14
GBK26-0208,265,JICC,Wisuda Univ. Moestopo,Universitas Moestopo,Pendidikan & Wisuda,2026-05-20,2026-05-20,2026-05-20,,,Tidak tercantum,"Plenary Hall, Lobby Plenary",Tidak tercantum,,2026-05-19,2026-05-20,2026-05-20,UPDATE-Event-2026-up-14-Sep-2026-2.xlsx,2026-09-14
GBK26-0386,467,PTHK,BYD,BYD,Lainnya,2026-05-20,2026-05-24,20-24 Mei,,,Tidak tercantum,PLAZA PARKIR TIMUR,Tidak tercantum,,18-20 Mei,20-24 Mei,25 Mei,UPDATE-Event-2026-up-14-Sep-2026-2.xlsx,2026-09-14
GBK26-0056,83,STADION UTAMA - PLAZA,BYD — (Area Pendukung Parkir Selatan — Unit Kawasan),PT. DRUPADI ARTHA MULIA NUSANTARA,Lainnya,2026-05-20,2026-05-24,15 - 25 Mei 2026 (20 - 24 Mei 2026),,,Tidak tercantum,Plaza Tenggara,Selesai,Selesai,,15 - 25 Mei 2026 (20 - 24 Mei 2026),,UPDATE-Event-2026-up-14-Sep-2026-2.xlsx,2026-09-14
GBK26-0207,264,JICC,BRI Consumer Expo,Bank BRI,Pameran & Festival,2026-05-21,2026-05-24,21 s.d 24 Mei,,,Tidak tercantum,"Exhibition Hall A, Pre Function Exhibition Hall A, Connecting Corridor,; Exhibition Hall B, Pre Function Hall B",Tidak tercantum,,18 s.d 19 Mei,21 s.d 24 Mei,2026-05-24,UPDATE-Event-2026-up-14-Sep-2026-2.xlsx,2026-09-14
GBK26-0148,195,BASKET & ANEKA LAP,JAKARTA KOMODOS RUGBY 10s TOURNAMENT,PB PERSATUAN RUGBY UNION INDONESIA,Olahraga & Esports,2026-05-22,2026-05-23,22-23 MEI,,,Tidak tercantum,LAPANGAN RUGBY DAN C,DP,DP,,22-23 MEI,,UPDATE-Event-2026-up-14-Sep-2026-2.xlsx,2026-09-14
GBK26-0346,414,KANTOR PUSAT & MOS,Rekaman dan Gladi Resik Raisa,PT. Pertunjukan Bulan Juni (Juni Concert),Musik & Hiburan,2026-05-23,2026-05-26,23 Mei - 26 Mei 2026,,,Tidak tercantum,Ruang Cattelya WSG,Tidak tercantum,,,23 Mei - 26 Mei 2026,,UPDATE-Event-2026-up-14-Sep-2026-2.xlsx,2026-09-14
GBK26-0503,593,Kawasan,Fun Run Kemenkes,,Olahraga & Esports,2026-05-24,2026-05-24,2026-05-24,,,Tidak tercantum,Plz Barat Ring 5 / Ring 4 ?,Administrasi surat,BELUM BERSURAT,,2026-05-24,,UPDATE-Event-2026-up-14-Sep-2026-2.xlsx,2026-09-14
GBK26-0502,592,Kawasan,Fun Run Taman Soft ball,,Olahraga & Esports,2026-05-24,2026-05-24,2026-05-24,,,Tidak tercantum,softball - HutKot-P7,Administrasi surat,BELUM BERSURAT,,2026-05-24,,UPDATE-Event-2026-up-14-Sep-2026-2.xlsx,2026-09-14
GBK26-0500,590,Kawasan,Promosi Badminton Indonesia Open 2026,Jeje,Olahraga & Esports,2026-05-24,2026-05-24,2026-05-24,,,Tidak tercantum,CEKUNGAN 6,Invoice,INVOICE,,2026-05-24,,UPDATE-Event-2026-up-14-Sep-2026-2.xlsx,2026-09-14
GBK26-0501,591,Kawasan,Starbucks Run,PT. Sari Coffee,Olahraga & Esports,2026-05-24,2026-05-24,2026-05-24,,,Tidak tercantum,PLZ Timur - KTT-Pintu 7,Administrasi surat,SUDAH BERSURAT,,2026-05-24,2026-05-24,UPDATE-Event-2026-up-14-Sep-2026-2.xlsx,2026-09-14
GBK26-0388,470,PTHK,Celebrating Internal Audit Awareness Month 2026,Kreasi Ide Kramantara,Lainnya,2026-05-24,2026-05-24,24 MEI 2026,,,Tidak tercantum,HUTAN KOTA,Tidak tercantum,,,24 MEI 2026,,UPDATE-Event-2026-up-14-Sep-2026-2.xlsx,2026-09-14
GBK26-0387,469,PTHK,PROMOSI BADMINTON,JEJE,Olahraga & Esports,2026-05-24,2026-05-24,24 MEI 2026,,,Tidak tercantum,PLAZA SUDIRMAN,DP,DP,23 MEI 2026,24 MEI 2026,,UPDATE-Event-2026-up-14-Sep-2026-2.xlsx,2026-09-14
GBK26-0057,84,STADION UTAMA - PLAZA,Starbucks Run 2026,"PT. Fastrax Solusi Olahraga; Jl. Cikutra Baru V No.26 Neglasari, Cibeunying Kaler, Bandung",Olahraga & Esports,2026-05-24,2026-05-24,22 - 24 Mei 2026 (24 Mei 2026),,,Tidak tercantum,Plaza Timur,Selesai / Lunas,Selesai / Lunas,,22 - 24 Mei 2026 (24 Mei 2026),,UPDATE-Event-2026-up-14-Sep-2026-2.xlsx,2026-09-14
GBK26-0209,266,JICC,Wisuda Univ. Budi Luhur,Universitas Budi Luhur,Pendidikan & Wisuda,2026-05-26,2026-05-26,2026-05-26,,,Tidak tercantum,"Plenary Hall, Lobby Plenary",Tidak tercantum,,2026-05-25,2026-05-26,2026-05-26,UPDATE-Event-2026-up-14-Sep-2026-2.xlsx,2026-09-14
GBK26-0005,11,INDONESIA ARENA,Asia Musik Internasional,PT Warna Musik Asia/Color Asia Live,Pemerintahan & Politik,2026-05-28,2026-05-30,28 s.d 30 Mei 2026,,,Tidak tercantum,Indonesia Arena,DP,DP,21 s.d 27 Mei 2026,28 s.d 30 Mei 2026,31 Mei 2026,UPDATE-Event-2026-up-14-Sep-2026-2.xlsx,2026-09-14
GBK26-0211,268,JICC,Urban Sport Expo,Imaginaction,Pameran & Festival,2026-05-28,2026-05-31,28 s.d 31 Mei,,,Tidak tercantum,"Cendrawasih Room, Lobby Cendrawasih, Assembly Hall, Lobby Assembly",Tidak tercantum,,25 s.d 27 mei,28 s.d 31 Mei,2026-05-31,UPDATE-Event-2026-up-14-Sep-2026-2.xlsx,2026-09-14
GBK26-0347,415,KANTOR PUSAT & MOS,Loading In,Rezpo,Operasional,2026-05-28,2026-05-28,2026-05-28,,,Tidak tercantum,Ruang Cattelya WSG,Tidak tercantum,,,2026-05-28,,UPDATE-Event-2026-up-14-Sep-2026-2.xlsx,2026-09-14
GBK26-0212,269,JICC,21th Indonesia Travel Fair,,Pameran & Festival,2026-05-29,2026-05-31,29 s.d 31 Mei,,,Tidak tercantum,Merak 1-3,Tidak tercantum,,27 s.d 28 Mei,29 s.d 31 Mei,2026-05-31,UPDATE-Event-2026-up-14-Sep-2026-2.xlsx,2026-09-14
GBK26-0210,267,JICC,The Beauty Fashion Fragrance,PT Socially Significant Cakrawala,Pameran & Festival,2026-05-29,2026-05-31,29 s.d 31 Mei,,,Tidak tercantum,"Exhibition Hall A, Pre Funtion Hall A, Connecting Corridor, Exhibition Hall B,; Pre Funtion Hall B",Tidak tercantum,,25 s.d 28 mei,29 s.d 31 Mei,2026-05-31,UPDATE-Event-2026-up-14-Sep-2026-2.xlsx,2026-09-14
GBK26-0348,416,KANTOR PUSAT & MOS,RPC,,Lainnya,2026-05-29,2026-05-30,29 - 30 Mei 2026,,,Tidak tercantum,KANTOR PUSAT & MOS,Tidak tercantum,,,29 - 30 Mei 2026,,UPDATE-Event-2026-up-14-Sep-2026-2.xlsx,2026-09-14
GBK26-0697,821,GBK ARENA,Kejuaraan Bulutangkis Internasional Polytron Indonesia Open,Perada Swara Productions,Pemerintahan & Politik,2026-05-30,2026-06-07,30-31 Mei 2026 sd 01-07 Juni 2026,,,Tidak tercantum,GBK ARENA,Tidak tercantum,,,30-31 Mei 2026 sd 01-07 Juni 2026,,UPDATE-Event-2026-up-14-Sep-2026-2.xlsx,2026-09-14
GBK26-0213,270,JICC,Level 7,,MICE & Korporasi,2026-05-30,2026-06-07,30 Mei s.d 07 Juni,,,Tidak tercantum,"Assembly Hall,Merak Room 1-3, Nuri Room 1-2, Maleo Room, Murai Room, Kenari Room, Kakatua; Room, Summit Room, Summit Lounge, Kasuari Lounge, Lower Lobby; Pre Function, Secretariat Office",Tidak tercantum,,28 s.d 29 Mei,30 Mei s.d 07 Juni,2026-06-07,UPDATE-Event-2026-up-14-Sep-2026-2.xlsx,2026-09-14
GBK26-0349,417,KANTOR PUSAT & MOS,Pernikahan,Ara dan Raziq,Pernikahan & Pribadi,2026-05-30,2026-05-30,2026-05-30,,,Tidak tercantum,Ruang Cattelya WSG,Tidak tercantum,,,2026-05-30,,UPDATE-Event-2026-up-14-Sep-2026-2.xlsx,2026-09-14
GBK26-0350,418,KANTOR PUSAT & MOS,Pernikahan,Dara,Pernikahan & Pribadi,2026-05-30,2026-05-30,2026-05-30,,,Tidak tercantum,Aula Masjid Albina,Tidak tercantum,,,2026-05-30,,UPDATE-Event-2026-up-14-Sep-2026-2.xlsx,2026-09-14
GBK26-0504,594,Kawasan,Gate Indonesia Open,1Pro,Lainnya,2026-05-30,2026-05-30,2026-05-30,,,Tidak tercantum,cekungan ISTORA,Tidak tercantum,,,2026-05-30,2026-06-07,UPDATE-Event-2026-up-14-Sep-2026-2.xlsx,2026-09-14
GBK26-0505,595,Kawasan,Indonesia Open,PT. Perada Swara,Lainnya,2026-05-30,2026-05-30,2026-05-30,,,Tidak tercantum,PARSEL TIMUR,Administrasi surat,SUDAH BERSURAT,,2026-05-30,2026-06-07,UPDATE-Event-2026-up-14-Sep-2026-2.xlsx,2026-09-14
GBK26-0149,196,BASKET & ANEKA LAP,PEMUSATAN LATIHAN TIMNAS PERSIAPAN HYUNDAI DAN FIFA MATCH DAY,PSSI,Olahraga & Esports,2026-05-31,2026-05-31,31 MEI,,,Tidak tercantum,GEDUNG HALL BASKET,Proyeksi,PROYEKSI,-,31 MEI,1 JUNI,UPDATE-Event-2026-up-14-Sep-2026-2.xlsx,2026-09-14
GBK26-0351,419,KANTOR PUSAT & MOS,Pernikahan,Muharrom Riezky Prasetyo,Pernikahan & Pribadi,2026-05-31,2026-05-31,2026-05-31,,,Tidak tercantum,Ruang Vanda WSG,Tidak tercantum,,,2026-05-31,,UPDATE-Event-2026-up-14-Sep-2026-2.xlsx,2026-09-14
GBK26-0389,471,PTHK,YELLOW RUN BY GOLKAR,MEZA RACE,Olahraga & Esports,2026-05-31,2026-05-31,31 MEI 2026,,,Tidak tercantum,"PLAZA PARKIR TIMUR, PARKIR TIMUR UTARA",Administrasi surat,Surat,29-30 MEI 2026,31 MEI 2026,,UPDATE-Event-2026-up-14-Sep-2026-2.xlsx,2026-09-14
GBK26-0150,197,BASKET & ANEKA LAP,LATIHAN KEGIATAN FIFA SERIES,PSSI,Olahraga & Esports,2026-06-01,2026-06-09,1-9 JUNI,,,Tidak tercantum,LAPANGAN A,Proyeksi,PROYEKSI,-,1-9 JUNI,-,UPDATE-Event-2026-up-14-Sep-2026-2.xlsx,2026-09-14
GBK26-0091,130,TENNIS,Mineski Global (Malaysia),(Morisca 087888605551)Jl Tanjung Duren Barat 1 No 5 Kota Jakarta Barat DKI JAKARTA,Olahraga & Esports,2026-06-01,2026-06-07,28 Mei s.d 08 Juni 2026 (01 -07 Juni 2026),,,Tidak tercantum,Tenis Indoor 2 Paket Full,Lunas,Lunas,,28 Mei s.d 08 Juni 2026 (01 -07 Juni 2026),,UPDATE-Event-2026-up-14-Sep-2026-2.xlsx,2026-09-14
GBK26-0681,793,Akuatik,Indonesia Short Course Emerging Series,PT Tirta Multi Prestasi / JAQ,Olahraga & Esports,2026-06-03,2026-06-06,03 - 06 Juni 2026,,,Tidak tercantum,Kolam Tanding dan Diving,Tidak tercantum,,,03 - 06 Juni 2026,,UPDATE-Event-2026-up-14-Sep-2026-2.xlsx,2026-09-14
GBK26-0214,271,JICC,Coating Show,,Musik & Hiburan,2026-06-03,2026-06-05,03 s.d 05 Juni,,,Tidak tercantum,"Exhibition Hall A, Pre Function Hall A",Tidak tercantum,,01 s.d 02 Juni,03 s.d 05 Juni,,UPDATE-Event-2026-up-14-Sep-2026-2.xlsx,2026-09-14
GBK26-0151,198,BASKET & ANEKA LAP,PENUKARAN TIKET KONSER EXO,PT. DYANDRA,Musik & Hiburan,2026-06-04,2026-06-07,4-7 JUNI,,,Tidak tercantum,LAPANGAN PANAHAN ( AREA KONBLOK),Proyeksi,PROYEKSI,2-3 JUNI,4-7 JUNI,8 JUNI,UPDATE-Event-2026-up-14-Sep-2026-2.xlsx,2026-09-14
GBK26-0215,272,JICC,Indofest 2026,PT Consina Segara Indonesia,Pameran & Festival,2026-06-04,2026-06-07,04 s.d 07 Juni,,,Tidak tercantum,"Exhibition Hall B, Pre Function Exhibition Hall B",Tidak tercantum,,01 s.d 03 Juni,04 s.d 07 Juni,2026-06-07,UPDATE-Event-2026-up-14-Sep-2026-2.xlsx,2026-09-14
GBK26-0506,596,Kawasan,"Main Gate, Barricade dan Booth",DYANDRA GLOBAL,Lainnya,2026-06-04,2026-06-04,2026-06-04,,,Tidak tercantum,Depan Plaza Utara dan Jalur depan Indo Arena,Administrasi surat,SUDAH BERSURAT,,2026-06-04,2026-06-07,UPDATE-Event-2026-up-14-Sep-2026-2.xlsx,2026-09-14
GBK26-0507,597,Kawasan,Yellow Run,Mesa Race,Olahraga & Esports,2026-06-05,2026-06-05,2026-06-05,,,Tidak tercantum,Jl. APEC - Pintu 7 full jalur,Invoice,INVOICE,,2026-06-05,2026-06-07,UPDATE-Event-2026-up-14-Sep-2026-2.xlsx,2026-09-14
GBK26-0037,49,STADION UTAMA,FIFA Match Day 2026,"Persatuan Sepak Bola Indonesia (PSSI); GBK Arena 6th Floor, Jakarta Pusat 10270",Olahraga & Esports,2026-06-05,2026-06-09,26 Mei - 10 Juni 2026 (5 & 9 Juni 2026),,,Tidak tercantum,Stadion Utama,Selesai / Belum bayar,Selesai / BELUM BAYAR,,26 Mei - 10 Juni 2026 (5 & 9 Juni 2026),,UPDATE-Event-2026-up-14-Sep-2026-2.xlsx,2026-09-14
GBK26-0152,199,BASKET & ANEKA LAP,10 YEARS OF REALITY CLUB LIVE IN JAKARTA,PT. KATARSIS MERIAHKAN INDONESIA (KATARSIS LIVE),Olahraga & Esports,2026-06-06,2026-06-06,6 JUNI,,,Tidak tercantum,GEDUNG HALL BASKET,Lunas,LUNAS,4-5 JUNI,6 JUNI,7 JUNI,UPDATE-Event-2026-up-14-Sep-2026-2.xlsx,2026-09-14
GBK26-0006,12,INDONESIA ARENA,Konser Musik,PT. Dyandra Global Entertainment,Musik & Hiburan,2026-06-06,2026-06-07,06-07 Juni 2026,,,Tidak tercantum,Indonesia Arena,DP,DP,01 s.d 05 Juni 2026,06-07 Juni 2026,08 Juni 2026,UPDATE-Event-2026-up-14-Sep-2026-2.xlsx,2026-09-14
GBK26-0216,273,JICC,Konser Raisa,PT Juni Suara Kreasi,Musik & Hiburan,2026-06-06,2026-06-07,06 s.d 07 Juni,,,Tidak tercantum,"Plenary Hall, Lobby Plenary, Merak Room 1-3, Summit Room, kasuari Lounge",Tidak tercantum,,01 s.d 05 Juni,06 s.d 07 Juni,2026-06-08,UPDATE-Event-2026-up-14-Sep-2026-2.xlsx,2026-09-14
GBK26-0352,420,KANTOR PUSAT & MOS,Pernikahan,Muhammad Imam Wahyudi Affandi,Pernikahan & Pribadi,2026-06-06,2026-06-06,2026-06-06,,,Tidak tercantum,Ruang Cattelya WSG,Tidak tercantum,,,2026-06-06,,UPDATE-Event-2026-up-14-Sep-2026-2.xlsx,2026-09-14
GBK26-0390,472,PTHK,Festival Jamu,VIRTUATHLON INDONESIA,Pameran & Festival,2026-06-06,2026-06-07,6-7 Juni,,,Tidak tercantum,HUTAN KOTA,Tidak tercantum,,5 Juni 2026,6-7 Juni,8 Juni,UPDATE-Event-2026-up-14-Sep-2026-2.xlsx,2026-09-14
GBK26-0391,473,PTHK,Racepack Collection,,Lainnya,2026-06-06,2026-06-06,6 Juni,,,Tidak tercantum,Elevated A,Tidak tercantum,,,6 Juni,,UPDATE-Event-2026-up-14-Sep-2026-2.xlsx,2026-09-14
GBK26-0393,475,PTHK,Tiktok Shop Guncang 6.6,PT Asia Media Grup Agency,Lainnya,2026-06-06,2026-06-06,6 Juni,,,Tidak tercantum,PLAZA SUDIRMAN,Tidak tercantum,,4-5 Juni,6 Juni,7 Juni,UPDATE-Event-2026-up-14-Sep-2026-2.xlsx,2026-09-14
GBK26-0509,599,Kawasan,BCA Syariah Run,BCA Syariah,Olahraga & Esports,2026-06-07,2026-06-07,2026-06-07,,,Tidak tercantum,Jalur Pintu 5,Administrasi surat,SUDAH BERSURAT,,2026-06-07,2026-06-07,UPDATE-Event-2026-up-14-Sep-2026-2.xlsx,2026-09-14
GBK26-0508,598,Kawasan,Festival Jamu Nusantara,PT. Virtuathlon Lini Produksi,Pameran & Festival,2026-06-07,2026-06-07,2026-06-07,,,Tidak tercantum,"Jl. Depan Hutan Kota, Pintu 7 dan Jalur Apec",Administrasi surat,SUDAH BERSURAT,,2026-06-07,2026-06-07,UPDATE-Event-2026-up-14-Sep-2026-2.xlsx,2026-09-14
GBK26-0394,476,PTHK,HUT BCA Syariah 2026,BCA Syariah,Lainnya,2026-06-07,2026-06-07,7 Juni,,,Tidak tercantum,Taman Softball,Tidak tercantum,,,7 Juni,,UPDATE-Event-2026-up-14-Sep-2026-2.xlsx,2026-09-14
GBK26-0392,474,PTHK,YELLOW RUN BY GOLKAR,MEZA RACE,Olahraga & Esports,2026-06-07,2026-06-07,7 Juni,,,Tidak tercantum,"PLAZA PARKIR TIMUR, PARKIR TIMUR SELATAN",Tidak tercantum,,5-6 Juni,7 Juni,,UPDATE-Event-2026-up-14-Sep-2026-2.xlsx,2026-09-14
GBK26-0395,477,PTHK,Dukuangan Giat JCC,Dukuangan Giat JCC,Lainnya,2026-06-09,2026-06-14,9-11 Juni & 14 Juni,,,Tidak tercantum,Parkir TImur Utara (1 Pulau),Tidak tercantum,,,9-11 Juni & 14 Juni,,UPDATE-Event-2026-up-14-Sep-2026-2.xlsx,2026-09-14
GBK26-0218,275,JICC,International Environment Expo &  — Forum 2026,,Pameran & Festival,2026-06-11,2026-06-14,11 s.d 14 Juni,,,Tidak tercantum,"Cendrawasih Room, Lobby Cendrawasih, Plenary Hall, Lobby Plenary , Assembly Hall,; Lobby Assembly & All Lower Room",Tidak tercantum,,09 s.d 10 Juni,11 s.d 14 Juni,2026-06-15,UPDATE-Event-2026-up-14-Sep-2026-2.xlsx,2026-09-14
GBK26-0398,480,PTHK,Festival Kuliner Mie Sedap,PT Sayap Mas Utama,Pameran & Festival,2026-06-11,2026-06-14,11-14 Juni,,,Tidak tercantum,HUTAN KOTA,Tidak tercantum,,9-10 Juni,11-14 Juni,15 Juni,UPDATE-Event-2026-up-14-Sep-2026-2.xlsx,2026-09-14
GBK26-0217,274,JICC,Bride Story,PT Cerita Bahagia (Mba Bunga),Pameran & Festival,2026-06-12,2026-06-14,12 s.d 14 Juni,,,Tidak tercantum,"Exhibition Hall A, Pre Function Hall A, Connecting Corridor, Exhibition Hall B,; Pre Function Hall B",Tidak tercantum,,09 s.d 11 Juni,12 s.d 14 Juni,2026-06-15,UPDATE-Event-2026-up-14-Sep-2026-2.xlsx,2026-09-14
GBK26-0511,601,Kawasan,BTN Jakim 2026,IMRR,Lainnya,2026-06-12,2026-06-12,2026-06-12,,,Tidak tercantum,Jl. APEC - Pintu 7 dan jalur p10,Administrasi surat,SUDAH BERSURAT,,2026-06-12,2026-06-14,UPDATE-Event-2026-up-14-Sep-2026-2.xlsx,2026-09-14
GBK26-0510,600,Kawasan,ShakeOut Lemin,,Lainnya,2026-06-12,2026-06-12,2026-06-12,,,Tidak tercantum,ring 4,Administrasi surat,BELUM BERSURAT,,2026-06-12,,UPDATE-Event-2026-up-14-Sep-2026-2.xlsx,2026-09-14
GBK26-0513,603,Kawasan,Sosialisasi Branding univ CIputra,Universitas Ciputra,Pendidikan & Wisuda,2026-06-12,2026-06-12,2026-06-12,,,Tidak tercantum,"Jalur depan HK P 7, Taman Anggrek depan Tuku, pedestrian depan Plaza Timur",Administrasi surat,BELUM BERSURAT,,2026-06-12,,UPDATE-Event-2026-up-14-Sep-2026-2.xlsx,2026-09-14
GBK26-0512,602,Kawasan,Sukhavita Run,Sukhavita Clinic,Olahraga & Esports,2026-06-12,2026-06-12,2026-06-12,,,Tidak tercantum,Jalur Ring 4,Administrasi surat,SUDAH BERSURAT,,2026-06-12,2026-06-12,UPDATE-Event-2026-up-14-Sep-2026-2.xlsx,2026-09-14
GBK26-0619,720,Istora,Konser Musik Internasional,PT. Syakira Ghyna Rajawali Indonesia,Pemerintahan & Politik,2026-06-13,2026-06-14,13-14 Juni 2026,,,Tidak tercantum,Istora,Tidak tercantum,,10 - 13 Juni 2026,13-14 Juni 2026,15 Juni 2026,UPDATE-Event-2026-up-14-Sep-2026-2.xlsx,2026-09-14
GBK26-0353,421,KANTOR PUSAT & MOS,Workshop Perfilman,Padi - Padi Creative (Yuriko Abi Pratama),MICE & Korporasi,2026-06-13,2026-06-13,2026-06-13,,,Tidak tercantum,Ruang Cattelya WSG,Tidak tercantum,,,2026-06-13,,UPDATE-Event-2026-up-14-Sep-2026-2.xlsx,2026-09-14
GBK26-0397,479,PTHK,BTN Jakarta Internasional Marathon,PT Indonesia Muda Kreasi,Pemerintahan & Politik,2026-06-13,2026-06-13,13 Juni,,,Tidak tercantum,"Plaza Parkir TImur, Parkir Timur Selatan (6 Pulau), Parkir Timur Utara (3 Pulau)",Tidak tercantum,,12 Juni,13 Juni,,UPDATE-Event-2026-up-14-Sep-2026-2.xlsx,2026-09-14
GBK26-0038,50,STADION UTAMA,BTN Jakarta International Marathon 2026,"Indonesia Muda Kreasi; Komplek Taman Asri Blok : G7/17, gaga Larangan, Tanggerang, 15154",Olahraga & Esports,2026-06-13,2026-06-14,"Ringroad, Jogging Track, Plaza Tenggara : 12 - 14 Juni 2026 (13 - 14 Juni 2026) Plaza Utara 13 - 14 Juni 2026 Plaza Timur 13 Juni 2026",,,Tidak tercantum,Ring Road; Jogging Track; Plaza Tenggara; Plaza Utara; Plaza Timur,Selesai / Lunas,Selesai / Lunas,,"Ringroad, Jogging Track, Plaza Tenggara : 12 - 14 Juni 2026 (13 - 14 Juni 2026) Plaza Utara 13 - 14 Juni 2026 Plaza Timur 13 Juni 2026",,UPDATE-Event-2026-up-14-Sep-2026-2.xlsx,2026-09-14
GBK26-0092,131,TENNIS,Musik Concert JKT 48,"(Fritz Fernandez) PT.Indonesia Musik Nusantara J Menara Global, Jalan Jendral Gatot Subroto Kavling 27 Lantai 16 in SOUTH JAKARTA.",Musik & Hiburan,2026-06-13,2026-06-13,09 s.d 14 Juni 2026 (13 Juni 2026),,,Tidak tercantum,Tenis Indoor Paket Full,Lunas,Lunas,,09 s.d 14 Juni 2026 (13 Juni 2026),,UPDATE-Event-2026-up-14-Sep-2026-2.xlsx,2026-09-14
GBK26-0396,478,PTHK,Susu Nusantara 2026,Ide Kreativa Indonesia,Lainnya,2026-06-14,2026-06-14,14 Juni,,,Tidak tercantum,PLAZA SUDIRMAN,Tidak tercantum,,13 Juni,14 Juni,,UPDATE-Event-2026-up-14-Sep-2026-2.xlsx,2026-09-14
GBK26-0400,482,PTHK,Giat Sultan blok 15,,Lainnya,2026-06-16,2026-06-19,16-19 Juni,,,Tidak tercantum,Plaza Parkir Timur,Tidak tercantum,,,16-19 Juni,,UPDATE-Event-2026-up-14-Sep-2026-2.xlsx,2026-09-14
GBK26-0219,276,JICC,Halal Fair Rihla 2026,PT Wahyu Promocitra (mba dea),Pameran & Festival,2026-06-18,2026-06-21,18 s.d 21 Juni,,,Tidak tercantum,"Exhitbioin Hall A, Pre Funtion Hall A, Connecting Corridor, Exhibition Hall B,; Pre Funtion Hall B, Cendrawasih Room, Lobby Cendrawasih",Tidak tercantum,,16 s.d 17 Juni,18 s.d 21 Juni,2026-06-21,UPDATE-Event-2026-up-14-Sep-2026-2.xlsx,2026-09-14
GBK26-0514,604,Kawasan,Gate ALLO BANK FESTIVAL,TIVI 7,Pameran & Festival,2026-06-18,2026-06-18,2026-06-18,,,Tidak tercantum,"Jalur pintu 11 , depan IA",Administrasi surat,SUDAH BERSURAT,,2026-06-18,2026-06-21,UPDATE-Event-2026-up-14-Sep-2026-2.xlsx,2026-09-14
GBK26-0515,605,Kawasan,Video (Shooting) konten Instagram,PT. Arthamoro Global Graha,Lainnya,2026-06-18,2026-06-18,2026-06-18,,,Tidak tercantum,Taman Anggrek,Administrasi surat,SUDAH BERSURAT,,2026-06-18,2026-06-18,UPDATE-Event-2026-up-14-Sep-2026-2.xlsx,2026-09-14
GBK26-0399,481,PTHK,Rocca Space x Google,Rocca Niaga Indonesia,Lainnya,2026-06-18,2026-06-18,18 Juni,,,Tidak tercantum,PLAZA SUDIRMAN,Tidak tercantum,,,18 Juni,,UPDATE-Event-2026-up-14-Sep-2026-2.xlsx,2026-09-14
GBK26-0007,13,INDONESIA ARENA,Festival Musik Allobank Festival 2026,PT. Ekosistem Kreatif Indonesia (CXO Media),Musik & Hiburan,2026-06-20,2026-06-20,20 Juni 2026,,,Tidak tercantum,Indonesia Arena,DP,DP,15-19 Juni 2026,20 Juni 2026,21 Juni 2026,UPDATE-Event-2026-up-14-Sep-2026-2.xlsx,2026-09-14
GBK26-0220,277,JICC,Pesta Wirausaha Nasional (mba dea),Komunitas pengusaha tangan ; diatas,Pemerintahan & Politik,2026-06-20,2026-06-21,20 s.d 21 Juni,,,Tidak tercantum,"Plenary Hall, Lobby Plenary, Assembly Hall, Lobby Assembly",Tidak tercantum,,18 s.d 19 Juni,20 s.d 21 Juni,2026-06-22,UPDATE-Event-2026-up-14-Sep-2026-2.xlsx,2026-09-14
GBK26-0355,424,KANTOR PUSAT & MOS,Jakarta Darts Festival 2026,PT. Mitra Media Integrasi,Pameran & Festival,2026-06-20,2026-06-21,20 - 21 Juni 2026,,,Tidak tercantum,Ruang Cattelya WSG,Tidak tercantum,,,20 - 21 Juni 2026,,UPDATE-Event-2026-up-14-Sep-2026-2.xlsx,2026-09-14
GBK26-0354,423,KANTOR PUSAT & MOS,Pernikahan,Saskia Arumisa Rizna,Pernikahan & Pribadi,2026-06-20,2026-06-20,2026-06-20,,,Tidak tercantum,Ruang Cattelya WSG,Tidak tercantum,,,2026-06-20,,UPDATE-Event-2026-up-14-Sep-2026-2.xlsx,2026-09-14
GBK26-0516,606,Kawasan,FlashMob KFC Spicy Bestie Allo Bank,w@w productions/Erwan,Lainnya,2026-06-20,2026-06-20,2026-06-20,,,Tidak tercantum,Pedestrian Kawasan,Administrasi surat,SUDAH BERSURAT,,2026-06-20,2026-06-20,UPDATE-Event-2026-up-14-Sep-2026-2.xlsx,2026-09-14
GBK26-0093,132,TENNIS,International Music Concert,"(Resky) PT. Dyandra Global Edutainment; Jl. Gelora 7 No.15 Palmerah, Jakarta Pusat",Musik & Hiburan,2026-06-20,2026-06-20,17 s.d 21 Juni 2026 (20 Juni 2026),,,Tidak tercantum,Tenis Indoor Paket full,Lunas,Lunas,,17 s.d 21 Juni 2026 (20 Juni 2026),,UPDATE-Event-2026-up-14-Sep-2026-2.xlsx,2026-09-14
GBK26-0517,607,Kawasan,Funwalk dan gathering komunitas pecinta kucing,PT. Aksel Gerak Pariwara,MICE & Korporasi,2026-06-21,2026-06-21,2026-06-21,,,Tidak tercantum,Plaza Sudirman - Pintu 7,Administrasi surat,SUDAH BERSURAT,,2026-06-21,2026-06-21,UPDATE-Event-2026-up-14-Sep-2026-2.xlsx,2026-09-14
GBK26-0518,608,Kawasan,Hydro Coco Don't Stop The Celebration,PT. Karya Penuh Berkah/Mahavisual,Lainnya,2026-06-21,2026-06-21,2026-06-21,,,Tidak tercantum,Pintu 7 -Plaza Tenggara,Administrasi surat,BELUM BERSURAT,,2026-06-21,2026-06-21,UPDATE-Event-2026-up-14-Sep-2026-2.xlsx,2026-09-14
GBK26-0402,484,PTHK,Komunitas Meong,PT Gerak Aksel Pariwara,Komunitas & Gaya Hidup,2026-06-21,2026-06-21,21 Juni,,,Tidak tercantum,"Plaza Sudirman, Taman Softball",Tidak tercantum,,20 Juni,21 Juni,,UPDATE-Event-2026-up-14-Sep-2026-2.xlsx,2026-09-14
GBK26-0401,483,PTHK,U R Masing Run,PT Eka Sinar Selaras,Olahraga & Esports,2026-06-21,2026-06-21,21 Juni,,,Tidak tercantum,PLAZA PARKIR TIMUR,Tidak tercantum,,,21 Juni,,UPDATE-Event-2026-up-14-Sep-2026-2.xlsx,2026-09-14
GBK26-0058,85,STADION UTAMA - PLAZA,HYDRO COCO - Don't Stop The Celebration,"PT KARYA PENUH BERKAH (Mahavisual); Jl. BDN 1 No. 38, Cilandak Barat, Cilandak,; Jakarta Selatan, 12430",Lainnya,2026-06-21,2026-06-21,19 - 20 Juni 2026 (21 Juni 2026),,,Tidak tercantum,Plaza Tenggara,Tidak tercantum,,,19 - 20 Juni 2026 (21 Juni 2026),,UPDATE-Event-2026-up-14-Sep-2026-2.xlsx,2026-09-14
GBK26-0519,609,Kawasan,Promo Film,GK Media,Lainnya,2026-06-24,2026-06-24,2026-06-24,,,Tidak tercantum,Cekungan 6,Dibatalkan,CANCLE,,2026-06-24,2026-07-13,UPDATE-Event-2026-up-14-Sep-2026-2.xlsx,2026-09-14
GBK26-0520,610,Kawasan,Pameran peralatan camping,Goks indonesia,Pameran & Festival,2026-06-25,2026-06-25,2026-06-25,,,Tidak tercantum,TAMAN ANGGREK,Administrasi surat,SUDAH BERSURAT,,2026-06-25,2026-06-29,UPDATE-Event-2026-up-14-Sep-2026-2.xlsx,2026-09-14
GBK26-0403,485,PTHK,Coma Fest,PT Expo Hub Global Indonesia,Pameran & Festival,2026-06-25,2026-06-28,25-28 Juni,,,Tidak tercantum,"Plaza Parkir Timur, Parkir TImur Utara (6 pulau)",Tidak tercantum,,23-24 Juni,25-28 Juni,29 Juni,UPDATE-Event-2026-up-14-Sep-2026-2.xlsx,2026-09-14
GBK26-0222,279,JICC,Dinner Islamic Expo,PT Alia Kresindo Mandiri,Pameran & Festival,2026-06-26,2026-06-26,2026-06-26,,,Tidak tercantum,Pre Function Hall B,Tidak tercantum,,2026-06-25,2026-06-26,2026-06-26,UPDATE-Event-2026-up-14-Sep-2026-2.xlsx,2026-09-14
GBK26-0221,278,JICC,International Islamic Expo,PT Alia Kresindo Mandiri,Pameran & Festival,2026-06-26,2026-06-28,26 s.d 28 Juni,,,Tidak tercantum,"Exhibition Hall A, Pre Function Hall A, Connecting Corridor, Exhibition Hall B",Tidak tercantum,,23 s.d 25 Juni,26 s.d 28 Juni,2026-06-28,UPDATE-Event-2026-up-14-Sep-2026-2.xlsx,2026-09-14
GBK26-0223,280,JICC,Mommy And Me,PT Red Exhibition Indonesia ; (mba bunga),Pameran & Festival,2026-06-26,2026-06-28,26 s.d 28 Juni,,,Tidak tercantum,"Cendrawasih Room, Lobby Cendrawasih, Plenary Hall, Lobby Plenary , Assembly Hall,; Lobby Assembly",Tidak tercantum,,24 s.d 25 Juni,26 s.d 28 Juni,2026-06-29,UPDATE-Event-2026-up-14-Sep-2026-2.xlsx,2026-09-14
GBK26-0521,611,Kawasan,Garmin Shakeout Run,Plataran Hutan Kota,Olahraga & Esports,2026-06-26,2026-06-26,2026-06-26,,,Tidak tercantum,Jalur ring 4,Invoice,INVOICE,,2026-06-26,2026-06-26,UPDATE-Event-2026-up-14-Sep-2026-2.xlsx,2026-09-14
GBK26-0153,200,BASKET & ANEKA LAP,KONSER MUSIK KARD - WOURLD TOUR LIVE IN JAKARTA 2026,PT. MITRA ANDALAN SUKSESINDO (MAS),Musik & Hiburan,2026-06-27,2026-06-27,27 JUNI,,,Tidak tercantum,GEDUNG HALL BASKET,Lunas,LUNAS,25-26 JUNI,27 JUNI,28 JUNI,UPDATE-Event-2026-up-14-Sep-2026-2.xlsx,2026-09-14
GBK26-0620,721,Istora,Xpeng Vision Night,PT. Maha Kreasi Insonwai,Lainnya,2026-06-27,2026-06-28,27-28 Juni 2026,,,Tidak tercantum,Istora,Tidak tercantum,,26-26 Juni 2026,27-28 Juni 2026,29 Juni 2026,UPDATE-Event-2026-up-14-Sep-2026-2.xlsx,2026-09-14
GBK26-0404,486,PTHK,Ultimate Survival Relay,Blu x Gofit,Lainnya,2026-06-27,2026-06-27,27 Juni,,,Tidak tercantum,Elevated A lt.3,Tidak tercantum,,,27 Juni,,UPDATE-Event-2026-up-14-Sep-2026-2.xlsx,2026-09-14
GBK26-0525,615,Kawasan,Fun Walk & Hiburan Rakyat Maritim,Indonesia Maritime Conectivity,Olahraga & Esports,2026-06-28,2026-06-28,2026-06-28,,,Tidak tercantum,Jalur Ring 4 Kawasan,Administrasi surat,SUDAH BERSURAT,,2026-06-28,2026-06-28,UPDATE-Event-2026-up-14-Sep-2026-2.xlsx,2026-09-14
GBK26-0523,613,Kawasan,Healt Fun Run 2026,PT Apex Kreasi Indonesia,Olahraga & Esports,2026-06-28,2026-06-28,2026-06-28,,,Tidak tercantum,Pintu 7 dan Jalur ring 4,Dibatalkan,CANCLE,,2026-06-28,,UPDATE-Event-2026-up-14-Sep-2026-2.xlsx,2026-09-14
GBK26-0522,612,Kawasan,Pembinaan dan Jalan Sehat PATOBA,PATOBA Wilayah 5,Lainnya,2026-06-28,2026-06-28,2026-06-28,,,Tidak tercantum,TAMAN ANGGREK,Administrasi surat,SUDAH BERSURAT,,2026-06-28,2026-06-28,UPDATE-Event-2026-up-14-Sep-2026-2.xlsx,2026-09-14
GBK26-0524,614,Kawasan,fun run dari powerade,Qline,Olahraga & Esports,2026-06-28,2026-06-28,2026-06-28,,,Tidak tercantum,PARSEL TIMUR,Dibatalkan,CANCLE,,2026-06-28,,UPDATE-Event-2026-up-14-Sep-2026-2.xlsx,2026-09-14
GBK26-0060,87,STADION UTAMA - PLAZA,Day of the Seafarer 2026,"Indonesian Maritime Connectivity Forum (IMCF); Jl. Berdikari Terusan No.10, Jakarta Utara",MICE & Korporasi,2026-06-28,2026-06-28,2026-06-28,,,Tidak tercantum,Plaza Barat,Lunas,Lunas,,2026-06-28,,UPDATE-Event-2026-up-14-Sep-2026-2.xlsx,2026-09-14
GBK26-0059,86,STADION UTAMA - PLAZA,HEALTH FUN RUN 2026,"PT APEX KREASI INDONESIA (LIGO CREATIVE); Jl. I Gusti Ngurah Rai No. 9, RT 009/ RW 006, Klender, Kec. Duren Sawit, Jakarta Timur 13470",Olahraga & Esports,2026-06-28,2026-06-28,27 - 28 Juni 2026 (28 Juni 2026),,,Tidak tercantum,Plaza Utara,Lunas,Lunas,,27 - 28 Juni 2026 (28 Juni 2026),,UPDATE-Event-2026-up-14-Sep-2026-2.xlsx,2026-09-14
GBK26-0526,616,Kawasan,Foto dan Video Prewedding,Bright Wedding,Pernikahan & Pribadi,2026-06-29,2026-06-29,2026-06-29,,,Tidak tercantum,Taman Anggrek,Administrasi surat,BELUM BERSURAT,,2026-06-29,2026-06-29,UPDATE-Event-2026-up-14-Sep-2026-2.xlsx,2026-09-14
GBK26-0682,794,Akuatik,Parisakti International Diving Competition 2026,Parisakti Swimming Club,Olahraga & Esports,2026-06-30,2026-07-02,30 Juni - 02 Juli 2026,,,Tidak tercantum,Kolam Tanding dan Diving,Tidak tercantum,,,30 Juni - 02 Juli 2026,,UPDATE-Event-2026-up-14-Sep-2026-2.xlsx,2026-09-14
GBK26-0625,726,Istora,SKYVENUE,Labschool Kebayoran,Lainnya,2026-07-01,2026-07-01,01 Juli 2026,,,Tidak tercantum,Istora,Tidak tercantum,,30-31 Juli 2026,01 Juli 2026,02 Juli 2026,UPDATE-Event-2026-up-14-Sep-2026-2.xlsx,2026-09-14
GBK26-0224,281,JICC,Jakarta X Beauty,PT Daily Dinamika Kreasi; (mba bunga),Pameran & Festival,2026-07-02,2026-07-05,02 s.d 05 Juli,,,Tidak tercantum,"Exhibition Hall A, Pre Funtion Hall A, Connecting Corridor, Exhibition Hall B,; Pre Function Hall B, Cendrawasih Room, Lobby Cendrawasih",Tidak tercantum,,29 Juni s.d 01 Juli,02 s.d 05 Juli,2026-07-06,UPDATE-Event-2026-up-14-Sep-2026-2.xlsx,2026-09-14
GBK26-0061,88,STADION UTAMA - PLAZA,Sesi Dengar Live,PT. Maple Manis Media; Jl. Sutra Niaga 3 Serpong Utara,Lainnya,2026-07-02,2026-07-02,2026-07-02,,,Tidak tercantum,Pintu Merah,DP,Sudah DP,,2026-07-02,,UPDATE-Event-2026-up-14-Sep-2026-2.xlsx,2026-09-14
GBK26-0225,282,JICC,Grand Wedding Expo 2026,CV Amazon Expoindo Sukses;  (Mba bunga),Pernikahan & Pribadi,2026-07-03,2026-07-05,03 s.d 05 Juli,,,Tidak tercantum,"Assembly Hall, Lobby Assembly",Tidak tercantum,,01 s.d 02 Juli,03 s.d 05 Juli,2026-07-06,UPDATE-Event-2026-up-14-Sep-2026-2.xlsx,2026-09-14
GBK26-0527,617,Kawasan,Penempatan Totem,PT. Pelopor Muda Sejahtera,Lainnya,2026-07-03,2026-07-03,2026-07-03,,,Tidak tercantum,Parkir Selatan sisi Barat,Tidak tercantum,,,2026-07-03,2026-07-03,UPDATE-Event-2026-up-14-Sep-2026-2.xlsx,2026-09-14
GBK26-0528,618,Kawasan,SMARTFREN Run 2026,PT. Idea Kita Mandiri,Olahraga & Esports,2026-07-03,2026-07-03,2026-07-03,,,Tidak tercantum,Jl. APEC - Pintu 7,Tidak tercantum,,,2026-07-03,2026-07-05,UPDATE-Event-2026-up-14-Sep-2026-2.xlsx,2026-09-14
GBK26-0154,201,BASKET & ANEKA LAP,KEJUARAAN TINJU INTERNASIONAL TINGKAT ASIA U19 DAN U23,PENGURUS BESAR TINJU INDONESIA (PERBATI),Pemerintahan & Politik,2026-07-04,2026-07-15,4-15 JULI,,,Tidak tercantum,GEDUNG HALL BASKET,Lunas,LUNAS,2-3 JULI,4-15 JULI,16 JULI,UPDATE-Event-2026-up-14-Sep-2026-2.xlsx,2026-09-14
GBK26-0621,722,Istora,Jakarra Kreatif Festival (JKF) 2026,BANK INDONESIA,Pameran & Festival,2026-07-04,2026-07-05,04 - 05 Juli 2026,,,Tidak tercantum,Istora,Tidak tercantum,,01 - 03 Juli 2026,04 - 05 Juli 2026,06 Juli 2026,UPDATE-Event-2026-up-14-Sep-2026-2.xlsx,2026-09-14
GBK26-0531,621,Kawasan,Fan Project Photobooth,Fanbase NCT,Lainnya,2026-07-04,2026-07-04,2026-07-04,,,Tidak tercantum,Area rumput blok 6,Tidak tercantum,,,2026-07-04,2026-07-04,UPDATE-Event-2026-up-14-Sep-2026-2.xlsx,2026-09-14
GBK26-0529,619,Kawasan,Fanbase NCT,,Lainnya,2026-07-04,2026-07-04,2026-07-04,,,Tidak tercantum,P12,Tidak tercantum,,,2026-07-04,2026-07-04,UPDATE-Event-2026-up-14-Sep-2026-2.xlsx,2026-09-14
GBK26-0530,620,Kawasan,Fun Walk festival Urban Farming 2026,PT. Trubus Swadaya,Olahraga & Esports,2026-07-04,2026-07-04,2026-07-04,,,Tidak tercantum,Jl. KTT,Tidak tercantum,,,2026-07-04,2026-07-04,UPDATE-Event-2026-up-14-Sep-2026-2.xlsx,2026-09-14
GBK26-0096,135,TENNIS,Bigu Festival,"(Rizky) BIGU FEST Jl. KH Abdullah Syafei No.31, Blok A, SOUTH JAKARTA.",Olahraga & Esports,2026-07-04,2026-07-05,30 Juni s.d 6 Juli 2026  (4 - 5 Juli 2026),,,Tidak tercantum,Std Madya Paket C,DP,Dp,,30 Juni s.d 6 Juli 2026  (4 - 5 Juli 2026),,UPDATE-Event-2026-up-14-Sep-2026-2.xlsx,2026-09-14
GBK26-0097,136,TENNIS,Konser Musik Internasional,"(Resky) PT. Dyandra Global Edutainment; Jl. Gelora 7 No.15 Palmerah, Jakarta Pusat""",Pemerintahan & Politik,2026-07-04,2026-07-05,30 Juni s.d 06 Juli 2026 (04 - 05 Juli 2026),,,Tidak tercantum,Tenis Indoor Paket Full,Lunas,Lunas,,30 Juni s.d 06 Juli 2026 (04 - 05 Juli 2026),,UPDATE-Event-2026-up-14-Sep-2026-2.xlsx,2026-09-14
GBK26-0532,622,Kawasan,"Instalasi Wudhu, Tenda Musholla, Toilet",PT. Idea Kita Mandiri,Lainnya,2026-07-05,2026-07-05,2026-07-05,,,Tidak tercantum,Pedestrian Pintu 10,Tidak tercantum,,,2026-07-05,2026-07-05,UPDATE-Event-2026-up-14-Sep-2026-2.xlsx,2026-09-14
GBK26-0405,487,PTHK,SMARTFREN RUN,IDEA RUN,Olahraga & Esports,2026-07-05,2026-07-05,5 JULI 2026,,,Tidak tercantum,"PLAZA PARKIR TIMUR, PTS",Administrasi surat,Surat,3-4 JULI 2026,5 JULI 2026,,UPDATE-Event-2026-up-14-Sep-2026-2.xlsx,2026-09-14
GBK26-0226,283,JICC,Indonesia Sustainability 360 Forum,KADIN,MICE & Korporasi,2026-07-08,2026-07-09,08 s.d 09 Juli,,,Tidak tercantum,"Cendrawasih Room, Lobby Cendrawasih, Merak Room 1-3, Summit Room,; Summit Lounge, Kasuari Lounge, Secre Office",Tidak tercantum,,06 s.d 07 Juli,08 s.d 09 Juli,2026-07-09,UPDATE-Event-2026-up-14-Sep-2026-2.xlsx,2026-09-14
GBK26-0098,137,TENNIS,D8 Halal Expo Indonesia,"(Agung) PT.Angan Kreasi Utama; Jl. Gotong Royong I No.50 Rt.004/01, RT.3/RW.1, Ragunan, Ps. Minggu, Kota Jakarta Selatan, Daerah Khusus Ibukota Jakarta 12550",Olahraga & Esports,2026-07-08,2026-07-12,06 Juli s.d 12 Juli 2026  (08 - 12 Juli 2026),,,Tidak tercantum,Tenis Indoor Single Tarif,Soft booking,Softbook,,06 Juli s.d 12 Juli 2026  (08 - 12 Juli 2026),,UPDATE-Event-2026-up-14-Sep-2026-2.xlsx,2026-09-14
GBK26-0008,14,INDONESIA ARENA,Festival Koprasi Indonesia,Arena Musik Promotor,Musik & Hiburan,2026-07-10,2026-07-12,10 s.d 12 Juli 2026,,,Tidak tercantum,Indonesia Arena,Soft booking,Softbooking,07 s.d 09 Juli 2026,10 s.d 12 Juli 2026,2026-07-13,UPDATE-Event-2026-up-14-Sep-2026-2.xlsx,2026-09-14
GBK26-0227,284,JICC,Pameran jakarta Food Security,,Pameran & Festival,2026-07-10,2026-07-12,10 s.d 12 Juli,,,Tidak tercantum,"Cendrawasih Room, Lobby Cendrawasih",Tidak tercantum,,,10 s.d 12 Juli,,UPDATE-Event-2026-up-14-Sep-2026-2.xlsx,2026-09-14
GBK26-0356,425,KANTOR PUSAT & MOS,Rapim,Irene,Lainnya,2026-07-10,2026-07-10,2026-07-10,,,Tidak tercantum,Ruang Vanda WSG,Tidak tercantum,,,2026-07-10,,UPDATE-Event-2026-up-14-Sep-2026-2.xlsx,2026-09-14
GBK26-0533,623,Kawasan,Shooting Video Content,GOFIT,Lainnya,2026-07-10,2026-07-10,2026-07-10,,,Tidak tercantum,Jl. APEC - Pintu 7,Tidak tercantum,,,2026-07-10,2026-07-10,UPDATE-Event-2026-up-14-Sep-2026-2.xlsx,2026-09-14
GBK26-0622,723,Istora,Labsproject,Labschool Rawamangun,Lainnya,2026-07-11,2026-07-11,11 Juli 2026,,,Tidak tercantum,Istora,850000000,850000000,09 - 10 Juli 2026,11 Juli 2026,12 Juli 2026,UPDATE-Event-2026-up-14-Sep-2026-2.xlsx,2026-09-14
GBK26-0534,624,Kawasan,CAKRABOND,BEM Ekonomi UNJ,Lainnya,2026-07-11,2026-07-11,2026-07-11,,,Tidak tercantum,Taman Anggrek,Tidak tercantum,,,2026-07-11,2026-07-11,UPDATE-Event-2026-up-14-Sep-2026-2.xlsx,2026-09-14
GBK26-0537,627,Kawasan,FUN RUN HUT PAJAK 81K,KEMENKEU DIRKEN PAJAK,Olahraga & Esports,2026-07-11,2026-07-11,2026-07-11,,,Tidak tercantum,ring 4,Tidak tercantum,,,2026-07-11,2026-07-12,UPDATE-Event-2026-up-14-Sep-2026-2.xlsx,2026-09-14
GBK26-0536,626,Kawasan,VISSION/OPTIK MELAWAI RUN,QUSCORE,Olahraga & Esports,2026-07-11,2026-07-11,2026-07-11,,,Tidak tercantum,Jl. APEC - Pintu 7,Tidak tercantum,,,2026-07-11,2026-07-12,UPDATE-Event-2026-up-14-Sep-2026-2.xlsx,2026-09-14
GBK26-0535,625,Kawasan,Branding Universitas Ciputra,Univ CIputra,Pendidikan & Wisuda,2026-07-12,2026-07-12,2026-07-12,,,Tidak tercantum,"Taman ANggrek tuku, Depan HK, & Pedestrian Akuatik",Tidak tercantum,,,2026-07-12,2026-07-12,UPDATE-Event-2026-up-14-Sep-2026-2.xlsx,2026-09-14
GBK26-0406,488,PTHK,Vision Run,Koperasi,Olahraga & Esports,2026-07-12,2026-07-12,12 Juli 2026,,,Tidak tercantum,Plaza PaRKIR TIMUR,Tidak tercantum,,11 Juli,12 Juli 2026,,UPDATE-Event-2026-up-14-Sep-2026-2.xlsx,2026-09-14
GBK26-0683,795,Akuatik,Jakarta Open 2026 Cabor Renang,Pengurus Provinsi Akuatik Indonesia DKI Jakarta,Olahraga & Esports,2026-07-13,2026-07-15,13 - 15 Juli 2026,,,Tidak tercantum,Kolam Tanding dan Diving,Tidak tercantum,,,13 - 15 Juli 2026,,UPDATE-Event-2026-up-14-Sep-2026-2.xlsx,2026-09-14
GBK26-0538,628,Kawasan,EXTRAVAGANZA,PLATARAN,Lainnya,2026-07-16,2026-07-16,2026-07-16,,,Tidak tercantum,Parsel Timur,Tidak tercantum,,,2026-07-16,2026-07-19,UPDATE-Event-2026-up-14-Sep-2026-2.xlsx,2026-09-14
GBK26-0623,724,Istora,Konser Musik,PT Serikat Orang Dalam,Musik & Hiburan,2026-07-18,2026-07-18,18 Juli 2026,,,Tidak tercantum,Istora,425000000,425000000,16 - 17 Juli 2026,18 Juli 2026,19 Juli 2026,UPDATE-Event-2026-up-14-Sep-2026-2.xlsx,2026-09-14
GBK26-0228,285,JICC,Konser Afgan,Seven Star Production; Pic mba bunga,Musik & Hiburan,2026-07-18,2026-07-18,2026-07-18,,,Tidak tercantum,"Plenary Hall, Lobby Plenary",Tidak tercantum,,14 s.d 17 Juli,2026-07-18,2026-07-19,UPDATE-Event-2026-up-14-Sep-2026-2.xlsx,2026-09-14
GBK26-0156,203,BASKET & ANEKA LAP,ACCOUNTABILITY ARCHERY COMBAT 2026,BPK,Olahraga & Esports,2026-07-19,2026-07-19,19 JULI,,,Tidak tercantum,LAPANGAN B,Lunas,LUNAS,-,19 JULI,-,UPDATE-Event-2026-up-14-Sep-2026-2.xlsx,2026-09-14
GBK26-0539,629,Kawasan,Dwidaya Fun Run Anniversary,GOFIT,Olahraga & Esports,2026-07-19,2026-07-19,2026-07-19,,,Tidak tercantum,Jalur ring 4,Tidak tercantum,,,2026-07-19,2026-07-19,UPDATE-Event-2026-up-14-Sep-2026-2.xlsx,2026-09-14
GBK26-0541,631,Kawasan,Piknik Alumni,Ikatan Alumni Habibie,Lainnya,2026-07-19,2026-07-19,2026-07-19,,,Tidak tercantum,Kawasan,Tidak tercantum,,,2026-07-19,2026-07-19,UPDATE-Event-2026-up-14-Sep-2026-2.xlsx,2026-09-14
GBK26-0540,630,Kawasan,Wellness Experience Run 5K & 10K,PLATARAN,Olahraga & Esports,2026-07-19,2026-07-19,2026-07-19,,,Tidak tercantum,Jalur ring 4,Tidak tercantum,,,2026-07-19,2026-07-19,UPDATE-Event-2026-up-14-Sep-2026-2.xlsx,2026-09-14
GBK26-0062,89,STADION UTAMA - PLAZA,Cek Kesehatan Gratis,PT. Dexa Medica,Komunitas & Gaya Hidup,2026-07-19,2026-07-19,2026-07-19,,,Tidak tercantum,Plaza Tenggara,Lunas,Lunas,,2026-07-19,,UPDATE-Event-2026-up-14-Sep-2026-2.xlsx,2026-09-14
GBK26-0155,202,BASKET & ANEKA LAP,PARC (WORLD CUP 2026),MANDIRI KOMUNIKA,Olahraga & Esports,2026-07-20,2026-07-20,20 JULI,,,Tidak tercantum,GEDUNG HALL BASKET,Dibatalkan,CANCEL,18-19 JULI,20 JULI,21 JULI,UPDATE-Event-2026-up-14-Sep-2026-2.xlsx,2026-09-14
GBK26-0229,286,JICC,Bazar Kreasi Bhayangkari,Pengurus Pusat Bhayangkari; (PIC Mba dea),Pameran & Festival,2026-07-21,2026-07-25,21 s.d 25 Juli,,,Tidak tercantum,"Exhibition Hall A, Pre Function Hall A, Connecting Corridor, Exhibition Hall B,; Pre Function Hall B, Cendrawasih Room, Lobby Cendrawasih",Tidak tercantum,,18 s.d 20 Juli,21 s.d 25 Juli,2026-07-25,UPDATE-Event-2026-up-14-Sep-2026-2.xlsx,2026-09-14
GBK26-0231,288,JICC,Global Hydrogen Ecosytem Summit,PT Murtila Promosindo Group; (mba dea),MICE & Korporasi,2026-07-21,2026-07-23,21 s.d 23 Juli,,,Tidak tercantum,"Assembly Hall, Lobby Assembly",Tidak tercantum,,19 s.d 20 Juli,21 s.d 23 Juli,2026-07-23,UPDATE-Event-2026-up-14-Sep-2026-2.xlsx,2026-09-14
GBK26-0230,287,JICC,Wisuda Univ.Krisnadwipayana,Universitas Krisnadwipayana,Pendidikan & Wisuda,2026-07-22,2026-07-22,2026-07-22,,,Tidak tercantum,"Plenary Hall, Lobby Plenary",Tidak tercantum,,2026-07-21,2026-07-22,2026-07-25,UPDATE-Event-2026-up-14-Sep-2026-2.xlsx,2026-09-14
GBK26-0357,427,KANTOR PUSAT & MOS,Loading In,PT. Indonesia Muda Kreasi,Operasional,2026-07-23,2026-07-23,2026-07-23,,,Tidak tercantum,Ruang Vanda WSG,Tidak tercantum,,,2026-07-23,,UPDATE-Event-2026-up-14-Sep-2026-2.xlsx,2026-09-14
GBK26-0542,632,Kawasan,Festival Hari Anak,KUMPARAN,Pameran & Festival,2026-07-23,2026-07-23,2026-07-23,,,Tidak tercantum,TAMAN ANGGREK,Tidak tercantum,,,2026-07-23,2026-07-26,UPDATE-Event-2026-up-14-Sep-2026-2.xlsx,2026-09-14
GBK26-0543,633,Kawasan,Festival Hari Anak,KUMPARAN,Pameran & Festival,2026-07-23,2026-07-23,2026-07-23,,,Tidak tercantum,PARSEL BARAT,Tidak tercantum,,,2026-07-23,2026-07-26,UPDATE-Event-2026-up-14-Sep-2026-2.xlsx,2026-09-14
GBK26-0358,428,KANTOR PUSAT & MOS,Heard & Shoulders Super Cool Run 2026,,Olahraga & Esports,2026-07-24,2026-07-25,24 - 25 Juli 2026,,,Tidak tercantum,KANTOR PUSAT & MOS,Tidak tercantum,,,24 - 25 Juli 2026,,UPDATE-Event-2026-up-14-Sep-2026-2.xlsx,2026-09-14
GBK26-0544,634,Kawasan,Head & Shoulders Super Cool Run 2026,IMRR,Olahraga & Esports,2026-07-24,2026-07-24,2026-07-24,,,Tidak tercantum,JL APEC,Tidak tercantum,,,2026-07-24,2026-07-26,UPDATE-Event-2026-up-14-Sep-2026-2.xlsx,2026-09-14
GBK26-0408,490,PTHK,Bakso Fest,Ultima Kreasi Asia,Pameran & Festival,2026-07-24,2026-07-26,24-26 Juli,,,Tidak tercantum,Plaza Sudirman,Tidak tercantum,,21-23 Juli,24-26 Juli,27 Juli,UPDATE-Event-2026-up-14-Sep-2026-2.xlsx,2026-09-14
GBK26-0409,491,PTHK,DJ Activation Booth Promotion,Fairmont,Pameran & Festival,2026-07-24,2026-07-31,24 & 31 Juli,,,Tidak tercantum,Taman Softball,Tidak tercantum,,,24 & 31 Juli,,UPDATE-Event-2026-up-14-Sep-2026-2.xlsx,2026-09-14
GBK26-0158,205,BASKET & ANEKA LAP,ASIOP CUP 2026,PT ASIOP SPORTAINMENT INTERNASIONAL,Pemerintahan & Politik,2026-07-25,2026-07-25,25 JULI,,,Tidak tercantum,LAPANGAN B DAN C,Lunas,LUNAS,-,25 JULI,-,UPDATE-Event-2026-up-14-Sep-2026-2.xlsx,2026-09-14
GBK26-0157,204,BASKET & ANEKA LAP,INTERNATIONAL CONCERT,PT. CITRA KARISMA/CK STAR ENTERTAINMENT,Musik & Hiburan,2026-07-25,2026-07-25,25 JULI,,,Tidak tercantum,GEDUNG HALL BASKET,Dibatalkan,CANCEL,23-24 JULI,25 JULI,26 JULI,UPDATE-Event-2026-up-14-Sep-2026-2.xlsx,2026-09-14
GBK26-0624,725,Istora,RENDEVOUS,Labschool Cirendue,Lainnya,2026-07-25,2026-07-25,25 Juli 2026,,,Tidak tercantum,Istora,425000000,425000000,23-24 Juli 2026,25 Juli 2026,26 Juli 2026,UPDATE-Event-2026-up-14-Sep-2026-2.xlsx,2026-09-14
GBK26-0232,289,JICC,PKB,PIC mba bunga,Lainnya,2026-07-25,2026-07-25,2026-07-25,,,Tidak tercantum,"Plenary Hall, Lobby Plenary",Tidak tercantum,,23 s.d 24 Juli,2026-07-25,,UPDATE-Event-2026-up-14-Sep-2026-2.xlsx,2026-09-14
GBK26-0233,290,JICC,Pameran Pendidikan Jepang,Badan Pengurus Pusat Perhimpunan; Alumni dari Jepang (PERSADA); PIC Mba dea,Pameran & Festival,2026-07-25,2026-07-26,25 s.d 26 Juli,,,Tidak tercantum,"Merak Room 1-3, Nuri Room 1-2, Lower Lobby Pre Function",Tidak tercantum,,2026-07-24,25 s.d 26 Juli,2026-07-26,UPDATE-Event-2026-up-14-Sep-2026-2.xlsx,2026-09-14
GBK26-0545,635,Kawasan,Fun Group Triathlon PT. SMI,PT. Adicita Akusara Bersama,Lainnya,2026-07-25,2026-07-25,2026-07-25,,,Tidak tercantum,Jalur ring 4,Tidak tercantum,,,2026-07-25,2026-07-25,UPDATE-Event-2026-up-14-Sep-2026-2.xlsx,2026-09-14
GBK26-0546,636,Kawasan,mizuno grand opening,OMG / On Your Right,Lainnya,2026-07-25,2026-07-25,2026-07-25,,,Tidak tercantum,Kawasan,Tidak tercantum,,,2026-07-25,,UPDATE-Event-2026-up-14-Sep-2026-2.xlsx,2026-09-14
GBK26-0063,90,STADION UTAMA - PLAZA,PKB Run Fest,"Ketua Panitia Pelaksana PKB Run Fest; Jl. Raden Saleh No.9, Jakarta Pusat 10430",Olahraga & Esports,2026-07-25,2026-07-26,25 - 26 Juli 2026,,,Tidak tercantum,Plaza Barat,DP,Sudah DP,,25 - 26 Juli 2026,,UPDATE-Event-2026-up-14-Sep-2026-2.xlsx,2026-09-14
GBK26-0100,139,TENNIS,Konser Tunggal Bernadya,(Adeyanto pratono) Talavera Office Park 28th Jl.Tb Simatupang Kav 22-26 Jakarta,Musik & Hiburan,2026-07-25,2026-07-25,23 s.d 26 Juli 2026 (25 Juli 2026),,,Tidak tercantum,Tenis Indoor Single Tarif,online book,online book,,23 s.d 26 Juli 2026 (25 Juli 2026),,UPDATE-Event-2026-up-14-Sep-2026-2.xlsx,2026-09-14
GBK26-0548,638,Kawasan,Olahraga Bersama Internal,Pertamina Hulu Indonesia,Lainnya,2026-07-26,2026-07-26,2026-07-26,,,Tidak tercantum,Jalur 7A,Tidak tercantum,,,2026-07-26,2026-07-26,UPDATE-Event-2026-up-14-Sep-2026-2.xlsx,2026-09-14
GBK26-0549,639,Kawasan,Parkir Kendaraan Wedding,PLATARAN,Pernikahan & Pribadi,2026-07-26,2026-07-26,2026-07-26,,,Tidak tercantum,Parsel sisi Timur,Tidak tercantum,,,2026-07-26,2026-07-26,UPDATE-Event-2026-up-14-Sep-2026-2.xlsx,2026-09-14
GBK26-0547,637,Kawasan,Running Event Garuda Finisher,Kemenko Infra dan Pembangunan,Lainnya,2026-07-26,2026-07-26,2026-07-26,,,Tidak tercantum,Selasar IMI - Pintu 7,Tidak tercantum,,,2026-07-26,,UPDATE-Event-2026-up-14-Sep-2026-2.xlsx,2026-09-14
GBK26-0410,492,PTHK,HEAD AND SHOULDERS SUPERCOOL,INDONESIA MUDA KREASI,Lainnya,2026-07-26,2026-07-26,26 Juli,,,Tidak tercantum,Plaza Parkir Timur,Tidak tercantum,,24-25 Juli,26 Juli,,UPDATE-Event-2026-up-14-Sep-2026-2.xlsx,2026-09-14
GBK26-0411,493,PTHK,Launching Garuda Finisher,AHY / Kemenko Bidang Infrastruktur dan Pembangunan Kewilayahan Ri,MICE & Korporasi,2026-07-26,2026-07-26,26 Juli,,,Tidak tercantum,"Elevated A Rooftop, Elevated A depan IMI",Tidak tercantum,,,26 Juli,,UPDATE-Event-2026-up-14-Sep-2026-2.xlsx,2026-09-14
GBK26-0412,494,PTHK,Nikahan Kakak Eric Tohir,Eric Tohir,Lainnya,2026-07-26,2026-07-26,26 Juli,,,Tidak tercantum,"Hutan KOTA, elevated A lt. 2 & 3",Tidak tercantum,,,26 Juli,,UPDATE-Event-2026-up-14-Sep-2026-2.xlsx,2026-09-14
GBK26-0550,640,Kawasan,SECRET GARDEN,FEVER UP,Lainnya,2026-07-27,2026-07-27,2026-07-27,,,Tidak tercantum,TAMAN ANGGREK,Tidak tercantum,,,2026-07-27,2026-11-15,UPDATE-Event-2026-up-14-Sep-2026-2.xlsx,2026-09-14
GBK26-0234,291,JICC,Indonesia Business Event Mart,PIC Mba dea,Pameran & Festival,2026-07-28,2026-07-31,28 s.d 31 Juli,,,Tidak tercantum,"Exhibition Hall A, Pre Function Hall A, Connecting Corridor, Exhibition Hall B,; Pre Function Hall B, Merak Room 1-3",Tidak tercantum,,26 s.d 27 Juli,28 s.d 31 Juli,2026-08-01,UPDATE-Event-2026-up-14-Sep-2026-2.xlsx,2026-09-14
GBK26-0236,293,JICC,Indonesia Fashion Week,ketua umum asosiasi perancang; MBa bunga,Komunitas & Gaya Hidup,2026-07-29,2026-08-02,29 Juli s.d 02 Agustus,,,Tidak tercantum,"Plenary Hall, Lobby Plenary, Assembly Hall, Lobby Assembly",Tidak tercantum,,26 s.d 28 Juli,29 Juli s.d 02 Agustus,2026-08-03,UPDATE-Event-2026-up-14-Sep-2026-2.xlsx,2026-09-14
GBK26-0235,292,JICC,KKI Bank Indonesia,Bank Indonesia PIC Mba dea,MICE & Korporasi,2026-07-30,2026-08-01,30 Juli s.d 01 Agustus,,,Tidak tercantum,"Cendrawasih Room, Lobby Cendrawasih, Merak Room 1-3, Nuri Room 1-2, Maleo Room, Murai; Room, Kenari Room, kakatua Room, Summit Room, Summit Lounge, Kasuari Lounge,; Lower Lobby Pre Funtion, Secre Office",Tidak tercantum,,26 s.d 29 Juli,30 Juli s.d 01 Agustus,2026-08-02,UPDATE-Event-2026-up-14-Sep-2026-2.xlsx,2026-09-14
GBK26-0552,642,Kawasan,Booth dan Totem Green SM,PT. Beekind Optimal Maksimal,Lainnya,2026-07-30,2026-07-30,2026-07-30,,,Tidak tercantum,Pintu 12,Tidak tercantum,,,2026-07-30,2026-08-03,UPDATE-Event-2026-up-14-Sep-2026-2.xlsx,2026-09-14
GBK26-0551,641,Kawasan,mizuno grand opening,OMG / On Your Right,Lainnya,2026-07-31,2026-07-31,2026-07-31,,,Tidak tercantum,Kawasan,Tidak tercantum,,,2026-07-31,,UPDATE-Event-2026-up-14-Sep-2026-2.xlsx,2026-09-14
GBK26-0159,206,BASKET & ANEKA LAP,SHUTTLE OPEN,PT. MEETING CONVENTION INDONESIA,Olahraga & Esports,2026-08-01,2026-08-01,1 AGUSTUS,,,Tidak tercantum,GEDUNG HALL BASKET,Lunas,LUNAS,30-31 JULI,1 AGUSTUS,2 AGUSTUS,UPDATE-Event-2026-up-14-Sep-2026-2.xlsx,2026-09-14
GBK26-0553,643,Kawasan,ACER RUN 2026,GOFIT,Olahraga & Esports,2026-08-01,2026-08-01,2026-08-01,,,Tidak tercantum,apec-p7,Tidak tercantum,,,2026-08-01,2026-08-02,UPDATE-Event-2026-up-14-Sep-2026-2.xlsx,2026-09-14
GBK26-0554,644,Kawasan,Community Fun Run (Funrun Ceria),Arti Digital Network,Olahraga & Esports,2026-08-01,2026-08-01,2026-08-01,,,Tidak tercantum,Jalur ring 4,Tidak tercantum,,,2026-08-01,2026-08-01,UPDATE-Event-2026-up-14-Sep-2026-2.xlsx,2026-09-14
GBK26-0039,51,STADION UTAMA,Pertandingan Sepak Bola Klub International — (Indonesia All Stars vs Aston Villa),"PT. Satria Musikindo Indonesia (Sound Rhythm); Equilty Tower 37th Floor Jl. Jendral Sudirman Kav. 52-53, SCBD Complex Area, Jakarta 12190",Musik & Hiburan,2026-08-01,2026-08-01,31 Juli - 1 Agustus 2026 ( 1 Agustus 2026 ),,,Tidak tercantum,Stadion Utama,Selesai / Lunas,Selesai / Lunas,,31 Juli - 1 Agustus 2026 ( 1 Agustus 2026 ),,UPDATE-Event-2026-up-14-Sep-2026-2.xlsx,2026-09-14
GBK26-0101,140,TENNIS,8th asian taekwondo open championships 2026,(Aris) Menara Olahraga Senayan Jl.Pintu senayan No.19 Tanah abang Jakarta pusat,Olahraga & Esports,2026-08-01,2026-08-05,30 Juli s.d 05 Agustus 2026 (01-05 Agustus 2026),,,Tidak tercantum,Tenis Indoor Single Tarif,Soft booking,Softbook,,30 Juli s.d 05 Agustus 2026 (01-05 Agustus 2026),,UPDATE-Event-2026-up-14-Sep-2026-2.xlsx,2026-09-14
GBK26-0555,645,Kawasan,Jalan Santai Berkebaya,Kementerian Perlindungan Kebudayaan dan Tradisi,Pemerintahan & Politik,2026-08-02,2026-08-02,2026-08-02,,,Tidak tercantum,Pintu 7 - Pintu 5,Tidak tercantum,,,2026-08-02,2026-08-02,UPDATE-Event-2026-up-14-Sep-2026-2.xlsx,2026-09-14
GBK26-0413,495,PTHK,Acerun 2026,PT Gofit Inspirasi Indonesia,Lainnya,2026-08-02,2026-08-02,2 Agustus,,,Tidak tercantum,Plaza Parkir TIMUR,Tidak tercantum,,1 Agustus,2 Agustus,,UPDATE-Event-2026-up-14-Sep-2026-2.xlsx,2026-09-14
GBK26-0237,294,JICC,DTI-CX (Digital Transformation Indonesia — Conference & Expo),PT Adhouse Clarion events,Pameran & Festival,2026-08-05,2026-08-06,05 s.d 06 Agustus,,,Tidak tercantum,Exhibition Hall A - Exhibition Hall B,Tidak tercantum,,02 s.d 04 Agustus,05 s.d 06 Agustus,2026-08-06,UPDATE-Event-2026-up-14-Sep-2026-2.xlsx,2026-09-14
GBK26-0239,296,JICC,Forum Prabowonomics Summit 2026,,MICE & Korporasi,2026-08-06,2026-08-06,2026-08-06,,,Tidak tercantum,Assembly Hall,Tidak tercantum,,2026-08-05,2026-08-06,2026-08-06,UPDATE-Event-2026-up-14-Sep-2026-2.xlsx,2026-09-14
GBK26-0238,295,JICC,Rapat Kerja Nasional Internet Days 2026 & — Perayaan HUT ke-30 APJII,Asosiasi Penyelenggara Jasa Internet,Pemerintahan & Politik,2026-08-06,2026-08-06,2026-08-06,,,Tidak tercantum,Cendrawasih & Plenary Hall,Tidak tercantum,,04 s.d 05 Agustus,2026-08-06,2026-08-06,UPDATE-Event-2026-up-14-Sep-2026-2.xlsx,2026-09-14
GBK26-0627,728,Istora,Job Fair Golkar,Golkar,Pameran & Festival,2026-08-07,2026-08-08,07-08 Agustus 2026,,,Tidak tercantum,Istora,Tidak tercantum,,05-06 Agustus 2026,07-08 Agustus 2026,09 Agustus 2026,UPDATE-Event-2026-up-14-Sep-2026-2.xlsx,2026-09-14
GBK26-0240,297,JICC,HUT Garuda TV,,Lainnya,2026-08-07,2026-08-08,07 s.d 08 Agustus,,,Tidak tercantum,Assembly Hall - Lobby Assembly,Tidak tercantum,,2026-08-09,07 s.d 08 Agustus,2026-08-09,UPDATE-Event-2026-up-14-Sep-2026-2.xlsx,2026-09-14
GBK26-0241,298,JICC,Wisuda BINUS,Universitas Binus,Pendidikan & Wisuda,2026-08-07,2026-08-07,2026-08-07,,,Tidak tercantum,"Plenary Hall Merak Room 1,2,3",Tidak tercantum,,08 s.d 09 Agustus,2026-08-07,2026-08-09,UPDATE-Event-2026-up-14-Sep-2026-2.xlsx,2026-09-14
GBK26-0102,141,TENNIS,Chelsea FC & Milan FC,Nine Sport INC Gedung Menara Jamsostek - Menara Lantai 18 Jl Jendral Gatot Subroto DKI Jakarta,Olahraga & Esports,2026-08-07,2026-08-10,(07 - 10 Agustus 2026),,,Tidak tercantum,Lapangan Std Madya A (latihan),Tidak tercantum,,,(07 - 10 Agustus 2026),,UPDATE-Event-2026-up-14-Sep-2026-2.xlsx,2026-09-14
GBK26-0162,209,BASKET & ANEKA LAP,INTERNATIONAL CONCERT,PT. CITRA KARISMA/CK STAR ENTERTAINMENT,Musik & Hiburan,2026-08-08,2026-08-08,8 AGUSTUS,,,Tidak tercantum,GEDUNG HALL BASKET,Dibatalkan,CANCEL,6-7 AGUSTUS,8 AGUSTUS,9 AGUSTUS,UPDATE-Event-2026-up-14-Sep-2026-2.xlsx,2026-09-14
GBK26-0626,727,Istora,Music A Fest,PT. Festival Delapan Indonesia,Musik & Hiburan,2026-08-08,2026-08-09,08-09 Agustus 2026,,,Tidak tercantum,Istora,Tidak tercantum,,05-07 Agustus 2026,08-09 Agustus 2026,10 Agustus 2026,UPDATE-Event-2026-up-14-Sep-2026-2.xlsx,2026-09-14
GBK26-0359,429,KANTOR PUSAT & MOS,Pensi,Sekolah Menengah Garuda Cendekia,Pendidikan & Wisuda,2026-08-08,2026-08-08,2026-08-08,,,Tidak tercantum,Lapangan Parkir Gedung Serbaguna Senayan,Tidak tercantum,,,2026-08-08,,UPDATE-Event-2026-up-14-Sep-2026-2.xlsx,2026-09-14
GBK26-0360,430,KANTOR PUSAT & MOS,Pernikahan,,Pernikahan & Pribadi,2026-08-08,2026-08-08,2026-08-08,,,Tidak tercantum,Aula Masjid Albina,Tidak tercantum,,,2026-08-08,,UPDATE-Event-2026-up-14-Sep-2026-2.xlsx,2026-09-14
GBK26-0556,646,Kawasan,Fun Run Burger Murah,PT. Bangor Berkembang Bersama,Olahraga & Esports,2026-08-08,2026-08-08,2026-08-08,,,Tidak tercantum,Jalur Ring 4 Kawasan,Tidak tercantum,,,2026-08-08,2026-08-08,UPDATE-Event-2026-up-14-Sep-2026-2.xlsx,2026-09-14
GBK26-0040,52,STADION UTAMA,Pertandingan Persahabatan International — (Chelsea FC vs AC Milan),Ninesport inc.,Olahraga & Esports,2026-08-08,2026-08-08,7 - 8 Agustus 2026 (8 Agustus 2026),,,Tidak tercantum,Stadion Utama,DP,Sudah DP,,7 - 8 Agustus 2026 (8 Agustus 2026),,UPDATE-Event-2026-up-14-Sep-2026-2.xlsx,2026-09-14
GBK26-0103,142,TENNIS,Konser Musik Project Pop,(Riri) PT. Perdana Pantai Semesta (Northstar Entertainment); Ruko Golf Island Beach Theme Park Blok E No. 33-55; Pantai Indah Kapuk - Jakarta Utara 14460,Musik & Hiburan,2026-08-08,2026-08-08,06 Agustus s.d 09 Agustus 2026 (08 Agustus 2026),,,Tidak tercantum,Tenis Indoor Single Tarif,Lunas,LUNAS,,06 Agustus s.d 09 Agustus 2026 (08 Agustus 2026),,UPDATE-Event-2026-up-14-Sep-2026-2.xlsx,2026-09-14
GBK26-0161,208,BASKET & ANEKA LAP,"SABANA FUN RUN 5K: LARI, NIKMATI, BERBAGI",PT. QUPRO MANAJEMEN INDONESIA,Olahraga & Esports,2026-08-09,2026-08-09,9 AGUSTUS,,,Tidak tercantum,GEDUNG HALL BASKET,Lunas,LUNAS,6-8 AGUSTUS,9 AGUSTUS,9 AGUSTUS,UPDATE-Event-2026-up-14-Sep-2026-2.xlsx,2026-09-14
GBK26-0009,15,INDONESIA ARENA,Turnamen E Sports Kapolri Cup 2026,Badan Reserse Kriminal Tindak Pidana Siber Polri,Pemerintahan & Politik,2026-08-09,2026-08-09,09 Agustus 2026,,,Tidak tercantum,Indonesia Arena,DP,DP,04 s.d 08 Agustus 2026,09 Agustus 2026,-,UPDATE-Event-2026-up-14-Sep-2026-2.xlsx,2026-09-14
GBK26-0557,647,Kawasan,Lavojoy Run,PT. Beautynesia,Olahraga & Esports,2026-08-09,2026-08-09,2026-08-09,,,Tidak tercantum,Plaza Sudirman - Pintu 7,Tidak tercantum,,,2026-08-09,2026-08-09,UPDATE-Event-2026-up-14-Sep-2026-2.xlsx,2026-09-14
GBK26-0558,648,Kawasan,Sabana Fun Run,PT. QUPRO,Olahraga & Esports,2026-08-09,2026-08-09,2026-08-09,,,Tidak tercantum,Jalur ring 4,Tidak tercantum,,,2026-08-09,2026-08-09,UPDATE-Event-2026-up-14-Sep-2026-2.xlsx,2026-09-14
GBK26-0414,496,PTHK,Festival,Kompas,Pameran & Festival,2026-08-09,2026-08-09,9 Agustus 2026,,,Tidak tercantum,Plaza Parkir TIMUR,Tidak tercantum,,7-8 Agutus,9 Agustus 2026,10 Agustus,UPDATE-Event-2026-up-14-Sep-2026-2.xlsx,2026-09-14
GBK26-0415,497,PTHK,Lavojoy,PT Beautynesia,Komunitas & Gaya Hidup,2026-08-09,2026-08-09,9 Agustus 2026,,,Tidak tercantum,Plaza Sudirman,Tidak tercantum,,8 Agutsus,9 Agustus 2026,,UPDATE-Event-2026-up-14-Sep-2026-2.xlsx,2026-09-14
GBK26-0105,144,TENNIS,Pengenalan Kehidupan Kampus bagi Mahasiswa Baru (PKKMB) Tahun 2026,"(Deni & Imam) Universitas Pembangunan Nasional Veteran Jakarta; Jl. Albatros Blok H No. 2, Bumi Dirgantara Permai RT. 008 RW. 008, Jatisari, Jatiasih, Kota Bekasi, Jawa Barat",Pendidikan & Wisuda,2026-08-10,2026-08-11,09 s.d 12 Aug 2026 (10 - 11 Aug 2026),,,Tidak tercantum,Tenis Indoor Single Tarif,E Booking,E Booking,,09 s.d 12 Aug 2026 (10 - 11 Aug 2026),,UPDATE-Event-2026-up-14-Sep-2026-2.xlsx,2026-09-14
GBK26-0559,649,Kawasan,IM3 Istimewa,Merah putih,Lainnya,2026-08-11,2026-08-11,2026-08-11,,,Tidak tercantum,Parsel,Tidak tercantum,,,2026-08-11,2026-08-14,UPDATE-Event-2026-up-14-Sep-2026-2.xlsx,2026-09-14
GBK26-0242,299,JICC,Indonesia Blockhain 2026,PT Desentra Ekosistem Digital,Lainnya,2026-08-12,2026-08-13,12 s.d 13 Agustus,,,Tidak tercantum,Cendrawasih,Tidak tercantum,,10 s.d 11 Agustus,12 s.d 13 Agustus,2026-08-13,UPDATE-Event-2026-up-14-Sep-2026-2.xlsx,2026-09-14
GBK26-0244,301,JICC,KKI - Bank Indonesia,Bank Indonesia,Pameran & Festival,2026-08-13,2026-08-15,13 s.d 15 Agustus,,,Tidak tercantum,Exhibtion Hall A - Exhibition Hall B - Cendrawasih Hall - Lobby Cendrawasih,Tidak tercantum,,11 s.d 12 Agustus,13 s.d 15 Agustus,2026-08-15,UPDATE-Event-2026-up-14-Sep-2026-2.xlsx,2026-09-14
GBK26-0243,300,JICC,Kursus Penyegar dan Penambah Ilmu Kedokteran Gigi (KPPIG UI),Universitas Indonesia,Pendidikan & Wisuda,2026-08-13,2026-08-15,13 s.d 15 Agustus,,,Tidak tercantum,"Assembly Hall - Lobby Assembly - Merak Room 1,2,3 - Nuri Room 1,2 - Kenari Room - Kakatua Room - Summit Room - Summit Lounge - Kasuari Lounge - LOWER LOBBY PRE-FUNCTION -",Tidak tercantum,,11 s.d 12 Agustus,13 s.d 15 Agustus,2026-08-15,UPDATE-Event-2026-up-14-Sep-2026-2.xlsx,2026-09-14
GBK26-0160,207,BASKET & ANEKA LAP,MULTIEVENT 20TH ASIAN GAME AICHI NAGOYA 2,PERBASI,Olahraga & Esports,2026-08-14,2026-08-16,14-16 AGUSTUS,,,Tidak tercantum,GEDUNG HALL BASKET,Proyeksi,PROYEKSI,11-13 AGUSTUS,14-16 AGUSTUS,17 AGUSTUS,UPDATE-Event-2026-up-14-Sep-2026-2.xlsx,2026-09-14
GBK26-0561,651,Kawasan,Lomba 17 Agustusan,PT. Trimedia Imaji Rekso Abadi,Lainnya,2026-08-14,2026-08-14,2026-08-14,,,Tidak tercantum,Taman Anggrek,Tidak tercantum,,,2026-08-14,2026-08-14,UPDATE-Event-2026-up-14-Sep-2026-2.xlsx,2026-09-14
GBK26-0166,213,BASKET & ANEKA LAP,10th SOUTHEAST ASIA SQUASH FEDERATION (SEA CUP) 2026,PB. SQUASH INDONESIA,Olahraga & Esports,2026-08-15,2026-08-22,15-22 AGUSTUS,,,Tidak tercantum,LAPANGAN SQUASH,Dibatalkan,CANCEL,,15-22 AGUSTUS,,UPDATE-Event-2026-up-14-Sep-2026-2.xlsx,2026-09-14
GBK26-0628,729,Istora,Festival Rupiah Berdaulat,BANK INDONESIA,Pameran & Festival,2026-08-15,2026-08-17,15-17 Agustus 2026,,,Tidak tercantum,Istora,Tidak tercantum,,11 - 14 Agustus 2026,15-17 Agustus 2026,18 Agustus 2026,UPDATE-Event-2026-up-14-Sep-2026-2.xlsx,2026-09-14
GBK26-0562,652,Kawasan,BI Digifest Run 2026,PT. TSA,Olahraga & Esports,2026-08-15,2026-08-15,2026-08-15,,,Tidak tercantum,Jalur ring 4,Tidak tercantum,,,2026-08-15,2026-08-15,UPDATE-Event-2026-up-14-Sep-2026-2.xlsx,2026-09-14
GBK26-0416,498,PTHK,BTV Semesta Berpesta 2026,PT Royal Anugerah Multimedia,Lainnya,2026-08-15,2026-08-16,15-16 Agustus 2026,,,Tidak tercantum,"Plaza Parkir Timur, Parkir TImur Utara (6 pulau)",Tidak tercantum,,11-14 Agustus 2026,15-16 Agustus 2026,17 Agustus,UPDATE-Event-2026-up-14-Sep-2026-2.xlsx,2026-09-14
GBK26-0418,500,PTHK,My Pertamina Pesta Rakyat,Mitra Tours and Travel,Lainnya,2026-08-15,2026-08-16,15-16 Agustus 2026,,,Tidak tercantum,HutaN KOTA,Tidak tercantum,,13-14 Agustus,15-16 Agustus 2026,17-18 Agustus,UPDATE-Event-2026-up-14-Sep-2026-2.xlsx,2026-09-14
GBK26-0563,653,Kawasan,Fun Games FlyJaya,PT. Surya Mataram Nusantara,Lainnya,2026-08-16,2026-08-16,2026-08-16,,,Tidak tercantum,Taman Anggrek,Tidak tercantum,,,2026-08-16,2026-08-16,UPDATE-Event-2026-up-14-Sep-2026-2.xlsx,2026-09-14
GBK26-0560,650,Kawasan,Fun Walk PPLI,PPLI,Olahraga & Esports,2026-08-16,2026-08-16,2026-08-16,,,Tidak tercantum,7A,Tidak tercantum,,,2026-08-16,,UPDATE-Event-2026-up-14-Sep-2026-2.xlsx,2026-09-14
GBK26-0564,654,Kawasan,HKBP Menteng,HUT RI Ke-81,Lainnya,2026-08-17,2026-08-17,2026-08-17,,,Tidak tercantum,Taman Kridaloka,Tidak tercantum,,,2026-08-17,2026-08-17,UPDATE-Event-2026-up-14-Sep-2026-2.xlsx,2026-09-14
GBK26-0565,655,Kawasan,Have Fun Semarak Kemerdekaan RI,Jerry Sucipto,Lainnya,2026-08-17,2026-08-17,2026-08-17,,,Tidak tercantum,Taman Anggrek,Tidak tercantum,,,2026-08-17,2026-08-17,UPDATE-Event-2026-up-14-Sep-2026-2.xlsx,2026-09-14
GBK26-0417,499,PTHK,Festival Kemerdekaan Sukses Court,PT Sukses Court International,Pameran & Festival,2026-08-17,2026-08-17,17 Agustus,,,Tidak tercantum,Taman Softball,Tidak tercantum,,16 Agustus,17 Agustus,,UPDATE-Event-2026-up-14-Sep-2026-2.xlsx,2026-09-14
GBK26-0245,302,JICC,The 12th Indonesia International —  Geothermal Convention & Exhibition (IIGCE),PT Energi Kreatif Dinamika,Pameran & Festival,2026-08-19,2026-08-23,19 s.d 23 Agustus,,,Tidak tercantum,"Plenary Hall - Assembly Hall - Merak Room 1,2,3 - Nuri Room, Maleo Room - Murai Room - Kenari Room - Kakatua Room - Summit Room - Summit Lounge - Kasuari Lounge - Lower Lobby Pre Function - Secretariat Office",Tidak tercantum,,16 s.d 18 Agustus,19 s.d 23 Agustus,2026-08-23,UPDATE-Event-2026-up-14-Sep-2026-2.xlsx,2026-09-14
GBK26-0246,303,JICC,Wedding Bapak Moh. Rizki Irmansyah dan —  Ibu Chika Yenalovi,PT Langit Sumber Media,Pernikahan & Pribadi,2026-08-19,2026-08-21,19 s.d 21 Agustus,,,Tidak tercantum,"Cendrawasih, Plenary, Assembly Hall & Lower room",Tidak tercantum,,17 s.d 18 Agustus,19 s.d 21 Agustus,2026-08-22,UPDATE-Event-2026-up-14-Sep-2026-2.xlsx,2026-09-14
GBK26-0163,210,BASKET & ANEKA LAP,PARKIR VIP PAGELARAN SABANG MERAUKE,KOPERASI KARYAWAN GBK,Operasional,2026-08-21,2026-08-23,21-23 AGUSTUS,,,Tidak tercantum,LAHAN PARKIR LAPANGAN PANAHAN,DP,DP,-,21-23 AGUSTUS,-,UPDATE-Event-2026-up-14-Sep-2026-2.xlsx,2026-09-14
GBK26-0164,211,BASKET & ANEKA LAP,PARKIR VIP PAGELARAN SABANG MERAUKE,KOPERASI KARYAWAN GBK,Operasional,2026-08-21,2026-08-23,21-23 AGUSTUS,,,Tidak tercantum,LAHAN PARKIR HALL BASKET,Dibatalkan,CANCEL,-,21-23 AGUSTUS,-,UPDATE-Event-2026-up-14-Sep-2026-2.xlsx,2026-09-14
GBK26-0010,16,INDONESIA ARENA,Pagelaran Sabang Merauke The Indonesia Broadway,PT. Perada Swara Productions,Musik & Hiburan,2026-08-21,2026-08-23,21 s.d 23 Agustus 2026,,,Tidak tercantum,Indonesia Arena,Lunas,Lunas,10 s.d 20 Agustus 2026,21 s.d 23 Agustus 2026,24 s.d 25 Agustus 2026,UPDATE-Event-2026-up-14-Sep-2026-2.xlsx,2026-09-14
GBK26-0629,730,Istora,Fourever,PT. Harpa Ananta Sora,Lainnya,2026-08-21,2026-08-21,21 Agustus 2026,,,Tidak tercantum,Istora,Tidak tercantum,,19-20 Agustus 2026,21 Agustus 2026,22 Agustus 2026,UPDATE-Event-2026-up-14-Sep-2026-2.xlsx,2026-09-14
GBK26-0361,431,KANTOR PUSAT & MOS,RPC,,Lainnya,2026-08-21,2026-08-22,21 - 22 Agustus 2026,,,Tidak tercantum,Ruang Vanda WSG,Tidak tercantum,,,21 - 22 Agustus 2026,,UPDATE-Event-2026-up-14-Sep-2026-2.xlsx,2026-09-14
GBK26-0165,212,BASKET & ANEKA LAP,YOTH WORLD CUP 2026,YAYASAN PRIMUS BOLA PRIMA,Olahraga & Esports,2026-08-22,2026-08-22,22 AGUSTUS,,,Tidak tercantum,LAPANGAN B,DP,DP,-,22 AGUSTUS,-,UPDATE-Event-2026-up-14-Sep-2026-2.xlsx,2026-09-14
GBK26-0698,822,GBK ARENA,Turnamen Badminton,Tuscany,Olahraga & Esports,2026-08-22,2026-08-22,22 Agustus 2026,,,Tidak tercantum,GBK ARENA,Tidak tercantum,,,22 Agustus 2026,,UPDATE-Event-2026-up-14-Sep-2026-2.xlsx,2026-09-14
GBK26-0630,731,Istora,Konser Kpop,Lit Xperience,Musik & Hiburan,2026-08-22,2026-08-22,22 Agustus 2026,,,Tidak tercantum,Istora,Tidak tercantum,,19 - 21 Agustus 2026,22 Agustus 2026,23 Agustus 2026,UPDATE-Event-2026-up-14-Sep-2026-2.xlsx,2026-09-14
GBK26-0633,734,Istora,Konser Musik,Promotor Lit Xperience,Musik & Hiburan,2026-08-22,2026-08-22,22 Agustus 2026,,,Tidak tercantum,Istora,Tidak tercantum,,19 - 21 Agustus 2026,22 Agustus 2026,23 Agustus 2026,UPDATE-Event-2026-up-14-Sep-2026-2.xlsx,2026-09-14
GBK26-0567,657,Kawasan,Brook Farm Almond Run,SURYA IMRR,Olahraga & Esports,2026-08-22,2026-08-22,2026-08-22,,,Tidak tercantum,PPT-APEC-P7,Tidak tercantum,,,2026-08-22,2026-08-23,UPDATE-Event-2026-up-14-Sep-2026-2.xlsx,2026-09-14
GBK26-0631,732,Istora,Konser Kpop,Lit Xperience,Musik & Hiburan,2026-08-23,2026-08-23,23 Agustus 2026,,,Tidak tercantum,Istora,Tidak tercantum,,21-22 Agustus 2026,23 Agustus 2026,24 Agustus 2026,UPDATE-Event-2026-up-14-Sep-2026-2.xlsx,2026-09-14
GBK26-0247,304,JICC,Pekan Halal Indonesia 2026,PT Debindomulti Adhiswasti,Pameran & Festival,2026-08-23,2026-08-23,2026-08-23,,,Tidak tercantum,Hall A & Cendrawasih,Tidak tercantum,,2026-08-22,2026-08-23,,UPDATE-Event-2026-up-14-Sep-2026-2.xlsx,2026-09-14
GBK26-0568,658,Kawasan,Sosialisasi Asian Games ke 20,PT Fasen Creative Quality,Lainnya,2026-08-23,2026-08-23,2026-08-23,,,Tidak tercantum,Cekungan 6,Tidak tercantum,,,2026-08-23,2026-08-30,UPDATE-Event-2026-up-14-Sep-2026-2.xlsx,2026-09-14
GBK26-0419,501,PTHK,BROOK FARM,IMMR,Lainnya,2026-08-23,2026-08-23,23 AGUSTUS 2026,,,Tidak tercantum,PLAZA PARKIR TIMUR,Tidak tercantum,,21-22 Agustus,23 AGUSTUS 2026,,UPDATE-Event-2026-up-14-Sep-2026-2.xlsx,2026-09-14
GBK26-0420,502,PTHK,Quscore,Koperasi,Komunitas & Gaya Hidup,2026-08-23,2026-08-23,23 AGUSTUS 2026,,,Tidak tercantum,PLAZA SUDIRMAN,Tidak tercantum,,22 Agustus,23 AGUSTUS 2026,,UPDATE-Event-2026-up-14-Sep-2026-2.xlsx,2026-09-14
GBK26-0569,659,Kawasan,Fun bike For Energy,,Lainnya,2026-08-25,2026-08-25,2026-08-25,,,Tidak tercantum,Jalur 7A,Tidak tercantum,,,2026-08-25,,UPDATE-Event-2026-up-14-Sep-2026-2.xlsx,2026-09-14
GBK26-0570,660,Kawasan,HKBP ibu2,,Lainnya,2026-08-25,2026-08-25,2026-08-25,,,Tidak tercantum,Taman kridaloka,Tidak tercantum,,,2026-08-25,,UPDATE-Event-2026-up-14-Sep-2026-2.xlsx,2026-09-14
GBK26-0012,18,INDONESIA ARENA,Kumpul Bersama Masyarakat,PT. Ring Satu Official,Lainnya,2026-08-27,2026-08-27,2026-08-27,,,Tidak tercantum,Indonesia Arena,DP,DP,,2026-08-27,,UPDATE-Event-2026-up-14-Sep-2026-2.xlsx,2026-09-14
GBK26-0248,305,JICC,Garuda Indonesia Travel Fair,PT Garuda Indonesia,Pameran & Festival,2026-08-27,2026-08-29,27 s.d 29 Agustus,,,Tidak tercantum,Plenary Hall - Asssembly Hall,Tidak tercantum,,24 s.d 26 Agustus,27 s.d 29 Agustus,2026-08-30,UPDATE-Event-2026-up-14-Sep-2026-2.xlsx,2026-09-14
GBK26-0362,432,KANTOR PUSAT & MOS,Loading In,PT. Indonesia Muda Kreasi,Operasional,2026-08-27,2026-08-27,2026-08-27,,,Tidak tercantum,Ruang Vanda WSG,Tidak tercantum,,,2026-08-27,,UPDATE-Event-2026-up-14-Sep-2026-2.xlsx,2026-09-14
GBK26-0422,504,PTHK,Gathering Plaza Asia,Plaza Asia,MICE & Korporasi,2026-08-27,2026-08-27,27 Agustus,,,Tidak tercantum,Taman Softball,Tidak tercantum,,,27 Agustus,,UPDATE-Event-2026-up-14-Sep-2026-2.xlsx,2026-09-14
GBK26-0363,433,KANTOR PUSAT & MOS,Brook Farm Almond Run 2026,,Olahraga & Esports,2026-08-28,2026-08-29,28- 29 Agustus 2026,,,Tidak tercantum,KANTOR PUSAT & MOS,Tidak tercantum,,,28- 29 Agustus 2026,,UPDATE-Event-2026-up-14-Sep-2026-2.xlsx,2026-09-14
GBK26-0699,823,GBK ARENA,Olahraga Internal perusahaan,The Footballicious,Olahraga & Esports,2026-08-29,2026-08-29,29 Agustus 2026,,,Tidak tercantum,GBK ARENA,Lunas,Lunas,,29 Agustus 2026,,UPDATE-Event-2026-up-14-Sep-2026-2.xlsx,2026-09-14
GBK26-0011,17,INDONESIA ARENA,Trading Card Game,PT. Jobfaorcareer Utama Indonesia,Pameran & Festival,2026-08-29,2026-08-30,29 s.d 30 Agustus 2026,,,Tidak tercantum,Indonesia Arena,DP,DP,-,29 s.d 30 Agustus 2026,-,UPDATE-Event-2026-up-14-Sep-2026-2.xlsx,2026-09-14
GBK26-0635,736,Istora,CXO Media,PT. Ekosistem Kreatif Inonesia,Lainnya,2026-08-29,2026-08-30,29-30 Agustus 2026,,,Tidak tercantum,Istora,Tidak tercantum,,24-28 Agustus 2026,29-30 Agustus 2026,31 Agustus 2026,UPDATE-Event-2026-up-14-Sep-2026-2.xlsx,2026-09-14
GBK26-0634,735,Istora,Konser Musik Mandarin,Big Ground Entertainment,Musik & Hiburan,2026-08-29,2026-08-30,29-30 Agustus 2026,,,Tidak tercantum,Istora,Tidak tercantum,,26-28 Agustus 2026,29-30 Agustus 2026,31 Agustus 2026,UPDATE-Event-2026-up-14-Sep-2026-2.xlsx,2026-09-14
GBK26-0632,733,Istora,Pokemon Run & festival Zone 2026,AKG Entertaiment,Olahraga & Esports,2026-08-29,2026-08-30,29 - 30 Agustus 2026,,,Tidak tercantum,Istora,Tidak tercantum,,26 - 28 Agustus 2026,29 - 30 Agustus 2026,31 Agustus 2026,UPDATE-Event-2026-up-14-Sep-2026-2.xlsx,2026-09-14
GBK26-0571,661,Kawasan,UOB Heart Beat 2026,20FIT Group,Lainnya,2026-08-29,2026-08-29,2026-08-29,,,Tidak tercantum,Jalur ring 4,Tidak tercantum,,,2026-08-29,2026-08-29,UPDATE-Event-2026-up-14-Sep-2026-2.xlsx,2026-09-14
GBK26-0421,503,PTHK,Redbull Dance Your Style Indonesia 2026,PT Black Stage Indonesia,Lainnya,2026-08-29,2026-08-29,29 AGUSTUS 2026,,,Tidak tercantum,Plaza Parkir TiMUR,Tidak tercantum,,27-28 Agustus,29 AGUSTUS 2026,30 Agustus,UPDATE-Event-2026-up-14-Sep-2026-2.xlsx,2026-09-14
GBK26-0423,505,PTHK,UOB Heart Beat Fun Run,PT Kredo Aum,Olahraga & Esports,2026-08-29,2026-08-29,29 AGUSTUS 2026,,,Tidak tercantum,Hutan Kota,Tidak tercantum,,28 Agustus,29 AGUSTUS 2026,,UPDATE-Event-2026-up-14-Sep-2026-2.xlsx,2026-09-14
GBK26-0167,214,BASKET & ANEKA LAP,KONSER MUSIK CLOSE YOUR EYES 1ST TOUR IN INDONESIA,CV MELANIA CITRA SEJAHTERA,Musik & Hiburan,2026-08-30,2026-08-30,30 AGUSTUS,,,Tidak tercantum,GEDUNG HALL BASKET,Proyeksi,PROYEKSI,28-29 AGUSTUS,30 AGUSTUS,31 AGUSTUS,UPDATE-Event-2026-up-14-Sep-2026-2.xlsx,2026-09-14
GBK26-0575,665,Kawasan,Doe Fun Run dan Mini AJ Expose,PT. Doe Intaward Indonesia,Olahraga & Esports,2026-08-30,2026-08-30,2026-08-30,,,Tidak tercantum,Taman Kridaloka,Tidak tercantum,,,2026-08-30,2026-08-30,UPDATE-Event-2026-up-14-Sep-2026-2.xlsx,2026-09-14
GBK26-0573,663,Kawasan,Fun Run,FOOTBALLICIOUS,Olahraga & Esports,2026-08-30,2026-08-30,2026-08-30,,,Tidak tercantum,P12-RING 4,Tidak tercantum,,,2026-08-30,2026-08-30,UPDATE-Event-2026-up-14-Sep-2026-2.xlsx,2026-09-14
GBK26-0576,666,Kawasan,Fun Walk Astrindo,PT. Astrindo Satrya Kharisma,Olahraga & Esports,2026-08-30,2026-08-30,2026-08-30,,,Tidak tercantum,Taman Anggrek,Tidak tercantum,,,2026-08-30,2026-08-30,UPDATE-Event-2026-up-14-Sep-2026-2.xlsx,2026-09-14
GBK26-0572,662,Kawasan,Fun Walk Gonzaga Festival,SMA Kolese Gonzaga,Olahraga & Esports,2026-08-30,2026-08-30,2026-08-30,,,Tidak tercantum,Jalur 7A,Tidak tercantum,,,2026-08-30,,UPDATE-Event-2026-up-14-Sep-2026-2.xlsx,2026-09-14
GBK26-0574,664,Kawasan,Langkah Rasa Fun Run 2026,PT. Thazka Casa Nafa,Olahraga & Esports,2026-08-30,2026-08-30,2026-08-30,,,Tidak tercantum,Jalur ring 4,Tidak tercantum,,,2026-08-30,2026-08-30,UPDATE-Event-2026-up-14-Sep-2026-2.xlsx,2026-09-14
GBK26-0424,506,PTHK,Deloitte Runify,VIRTUATHLON INDONESIA,Lainnya,2026-08-30,2026-08-30,30 Agustus,,,Tidak tercantum,Plaza Sudirman,Tidak tercantum,,29 Agutsus,30 Agustus,,UPDATE-Event-2026-up-14-Sep-2026-2.xlsx,2026-09-14
GBK26-0064,91,STADION UTAMA - PLAZA,Langkah Rasa 2026,"PT Thazka Casa Nafa; Menara Citibank Lantai 2, JI. Metro Pondok Indah Kav. II BA No. 2,; Pondok Pinang, Kebayoran Lama, Jakarta Selatan, DKI Jakarta, 12310",Lainnya,2026-08-30,2026-08-30,28 - 30 Agustus 2026 (30 Agustus 2026),,,Tidak tercantum,Plaza Timur,Tidak tercantum,,,28 - 30 Agustus 2026 (30 Agustus 2026),,UPDATE-Event-2026-up-14-Sep-2026-2.xlsx,2026-09-14
GBK26-0425,507,PTHK,DJ Activation Booth Promotion,Fairmont,Pameran & Festival,2026-08-31,2026-08-31,31 Agustus,,,Tidak tercantum,Taman Softball,Tidak tercantum,,,31 Agustus,,UPDATE-Event-2026-up-14-Sep-2026-2.xlsx,2026-09-14
GBK26-0107,146,TENNIS,PT. Raga cemerlang,PT. Raga Cemerlang Gelora Indonesia. Jl. Mampang Prapatan Raya lt 3 No.73 A Jakarta Selatan (mini race),Olahraga & Esports,2026-08-31,2026-08-31,2026-08-31,,,Tidak tercantum,Tarif Sewa Lahan Track Madya A,Blu Kemendikti Disc 25%,Blu Kemendikti Disc 25%,,2026-08-31,,UPDATE-Event-2026-up-14-Sep-2026-2.xlsx,2026-09-14
GBK26-0249,306,JICC,JIPREMIUM IMKIDS,,Pameran & Festival,2026-09-03,2026-09-06,03 s.d 06 september,,,Tidak tercantum,"Exhibition Hall A, Pre Function Hall A, Connceting Corridor, Exhibition Hall B, Pre Funtion Hall B,; Cendrawasih Room, Lobby Cendrawasih,Assembly Hall, Lobby Assembly, Merak Room 1-3,; Nuri Room 1-2, Maleo Room, Kenari Room, Kakatua Room, Summit Room, Summit Lounge,; kasuari Lounge, Lower Lobby Pre Funtion",Tidak tercantum,,31 ags s.d 02 sept,03 s.d 06 september,2026-09-06,UPDATE-Event-2026-up-14-Sep-2026-2.xlsx,2026-09-14
GBK26-0637,738,Istora,AIA Vitality 2026,PRIUS MEDIA SOLUTION,Lainnya,2026-09-04,2026-09-04,2026-09-04,,,Tidak tercantum,Istora,Tidak tercantum,,02 - 03 September 2026,2026-09-04,2026-09-05,UPDATE-Event-2026-up-14-Sep-2026-2.xlsx,2026-09-14
GBK26-0251,308,JICC,Idea Fest 2026,,Pameran & Festival,2026-09-04,2026-09-06,04-06 September,,,Tidak tercantum,"Assembly Hall, Lobby Assembly, Merak Room 1-3, Nuri Room 1-2, Maleo Room, Murai Room,; Kenari Room, Kakatua Room, Summit Room, Summit Lounge, Kasuari Lounge, Lower; Lobby Pre Function,; Secretariat Office",Tidak tercantum,,01-03 September,04-06 September,2026-09-06,UPDATE-Event-2026-up-14-Sep-2026-2.xlsx,2026-09-14
GBK26-0250,307,JICC,Indonesia Coffee Epo 2026,,Lainnya,2026-09-04,2026-09-06,04 s.d 06 September,,,Tidak tercantum,"Cendrawasih Room, Lobby Cendrawasih,Plenary Hall, Lobby Plenary",Tidak tercantum,,1 s.d 03 september,04 s.d 06 September,2026-09-06,UPDATE-Event-2026-up-14-Sep-2026-2.xlsx,2026-09-14
GBK26-0579,669,Kawasan,Amartha Run,PT. Amartha Mikro Fintek,Olahraga & Esports,2026-09-04,2026-09-04,2026-09-04,,,Tidak tercantum,Jl. APEC - Pintu 7,Tidak tercantum,,,2026-09-04,2026-09-06,UPDATE-Event-2026-up-14-Sep-2026-2.xlsx,2026-09-14
GBK26-0577,667,Kawasan,Olahraga dan Gathering PLN,PT. PLN Energi Primer Indonesia,MICE & Korporasi,2026-09-04,2026-09-04,2026-09-04,,,Tidak tercantum,Taman Kridaloka,Tidak tercantum,,,2026-09-04,2026-09-04,UPDATE-Event-2026-up-14-Sep-2026-2.xlsx,2026-09-14
GBK26-0578,668,Kawasan,Promosi Azarine,PT. Gading Kuning Media,Lainnya,2026-09-04,2026-09-04,2026-09-04,,,Tidak tercantum,Cekungan Pintu 6,Tidak tercantum,,,2026-09-04,2026-09-07,UPDATE-Event-2026-up-14-Sep-2026-2.xlsx,2026-09-14
GBK26-0168,215,BASKET & ANEKA LAP,NYALA COMBAT,PT. BUMINTARA DIRA MANDAYA (BRAUSS),Olahraga & Esports,2026-09-05,2026-09-05,2026-09-05,,,Tidak tercantum,GEDUNG HALL BASKET,Dibatalkan,CANCEL,3-4 SEPTEMBER,2026-09-05,2026-09-06,UPDATE-Event-2026-up-14-Sep-2026-2.xlsx,2026-09-14
GBK26-0700,824,GBK ARENA,Mini Olympic,PT Alluz Nirmala Diverkreasi,Lainnya,2026-09-05,2026-09-06,5 & 6 September 2026,,,Tidak tercantum,GBK ARENA,Tidak tercantum,,,5 & 6 September 2026,,UPDATE-Event-2026-up-14-Sep-2026-2.xlsx,2026-09-14
GBK26-0636,737,Istora,Jakarta Internasional Football Show,PT. Basket Bola Digital,Pemerintahan & Politik,2026-09-05,2026-09-06,5-6 September 2026,,,Tidak tercantum,Istora,Tidak tercantum,,03-04 September 2026,5-6 September 2026,2026-09-07,UPDATE-Event-2026-up-14-Sep-2026-2.xlsx,2026-09-14
GBK26-0427,509,PTHK,Pasar Malam Narasi 2026,Narasi,Lainnya,2026-09-05,2026-09-06,5-6 sep,,,Tidak tercantum,hutan kota,Tidak tercantum,,3-4 sep,5-6 sep,2026-09-07,UPDATE-Event-2026-up-14-Sep-2026-2.xlsx,2026-09-14
GBK26-0108,147,TENNIS,Satu Abad Rahmi Hatta,(Fazrin) Jl.Pangeran Dipenogoro No.57 Menteng Jakarta Pusta,Olahraga & Esports,2026-09-05,2026-09-05,03 - 06 September 2026 (05 September 2026),,,Tidak tercantum,Tenis Indoor Single Tarif,Soft booking,Softbook,,03 - 06 September 2026 (05 September 2026),,UPDATE-Event-2026-up-14-Sep-2026-2.xlsx,2026-09-14
GBK26-0426,508,PTHK,Fun Run Amartha,Amarta,Olahraga & Esports,2026-09-06,2026-09-06,2026-09-06,,,Tidak tercantum,plaza PARKIR TIMUR,Tidak tercantum,,4-5 Sept,2026-09-06,,UPDATE-Event-2026-up-14-Sep-2026-2.xlsx,2026-09-14
GBK26-0065,92,STADION UTAMA - PLAZA,Bright Gas,"Koperasi Karyawan Gelora Bung Karno; Jln. Pintu Satu Senayan, Jakarta 10270",Komunitas & Gaya Hidup,2026-09-06,2026-09-06,5 - 6 September 2026 (6 September 2026),,,Tidak tercantum,Plaza Timur,Tidak tercantum,,,5 - 6 September 2026 (6 September 2026),,UPDATE-Event-2026-up-14-Sep-2026-2.xlsx,2026-09-14
GBK26-0170,217,BASKET & ANEKA LAP,HUT PARTAI DEMOKRAT,DEMOKRAT,Pemerintahan & Politik,2026-09-08,2026-09-09,8-9 SEPTEMBER,,,Tidak tercantum,LAHAN PARKIR PANAHAN,Proyeksi,PROYEKSI,-,8-9 SEPTEMBER,-,UPDATE-Event-2026-up-14-Sep-2026-2.xlsx,2026-09-14
GBK26-0252,309,JICC,Wisuda Perbanas,,Pendidikan & Wisuda,2026-09-08,2026-09-08,2026-09-08,,,Tidak tercantum,"Plenary Hall, Lobby Plenary",Tidak tercantum,,2026-09-07,2026-09-08,2026-09-08,UPDATE-Event-2026-up-14-Sep-2026-2.xlsx,2026-09-14
GBK26-0169,216,BASKET & ANEKA LAP,HUT PARTAI DEMOKRAT,DEMOKRAT,Pemerintahan & Politik,2026-09-09,2026-09-09,2026-09-09,,,Tidak tercantum,LAHAN PARKIR HALL BASKET,Proyeksi,PROYEKSI,-,2026-09-09,-,UPDATE-Event-2026-up-14-Sep-2026-2.xlsx,2026-09-14
GBK26-0013,19,INDONESIA ARENA,Partai Demokrat,Dewan Pimpinan Pusat Partai Demokrat,Pemerintahan & Politik,2026-09-09,2026-09-09,2026-09-09,,,Tidak tercantum,Indonesia Arena,DP,DP,7 s.d 8 September 2026,2026-09-09,2026-09-10,UPDATE-Event-2026-up-14-Sep-2026-2.xlsx,2026-09-14
GBK26-0685,797,Akuatik,Pertandingan Renang,Pengurus Provinsi Akuatik Indonesia DKI Jakarta,Olahraga & Esports,2026-09-10,2026-09-11,10-11 September,,,Tidak tercantum,Kolam Tanding dan Diving,Tidak tercantum,,,10-11 September,,UPDATE-Event-2026-up-14-Sep-2026-2.xlsx,2026-09-14
GBK26-0580,670,Kawasan,Mizuno Brand Activation,Mizuno OYR OMG,Lainnya,2026-09-10,2026-09-10,2026-09-10,,,Tidak tercantum,Ring 4,Tidak tercantum,,,2026-09-10,,UPDATE-Event-2026-up-14-Sep-2026-2.xlsx,2026-09-14
GBK26-0644,745,Istora,Fitness Expo,APKI (Asosiasi Pelatih Kebugaran Indonesia),Pameran & Festival,2026-09-11,2026-09-13,11 - 13 September 2026,,,Tidak tercantum,Istora,Tidak tercantum,,07 - 10 Sept 2026,11 - 13 September 2026,2026-09-14,UPDATE-Event-2026-up-14-Sep-2026-2.xlsx,2026-09-14
GBK26-0639,740,Istora,Pentas Seni dan Pameran,Yayasan Satya Bhakti,Pameran & Festival,2026-09-11,2026-09-11,2026-09-11,,,Tidak tercantum,Istora,Tidak tercantum,,9-10 September 2026,2026-09-11,2026-09-12,UPDATE-Event-2026-up-14-Sep-2026-2.xlsx,2026-09-14
GBK26-0255,312,JICC,FYI Summit 2026,,MICE & Korporasi,2026-09-11,2026-09-13,11 s.d 13 September,,,Tidak tercantum,"Assembly Hall, Lobby Assembly, Merak Room 1-3, Nuri Room 1-2, Maleo Room, Murai Room,; Kenari Room, Kakatua Room, Summit Room, Summit Lounge, Kasuari Lounge, Lower; Lobby Pre Function,; Secretariat Office",Tidak tercantum,,07 s.d 10 September,11 s.d 13 September,2026-09-13,UPDATE-Event-2026-up-14-Sep-2026-2.xlsx,2026-09-14
GBK26-0254,311,JICC,Indonesia Sport Summit 2026,,Pameran & Festival,2026-09-11,2026-09-13,11 s.d 13 September,,,Tidak tercantum,"Exhibition Hall A, Pre Function Hall A, Connecting Corridor, Exhibition Hall B,; Pre Funtion Hall B, Cendrawasih, Lobby Cendrawasih",Tidak tercantum,,08-10 September,11 s.d 13 September,2026-09-13,UPDATE-Event-2026-up-14-Sep-2026-2.xlsx,2026-09-14
GBK26-0581,671,Kawasan,Milo Run,IMRR,Olahraga & Esports,2026-09-11,2026-09-11,2026-09-11,,,Tidak tercantum,PTU - JL APEC - P7 FULL BLOCK,Tidak tercantum,,,2026-09-11,2026-09-13,UPDATE-Event-2026-up-14-Sep-2026-2.xlsx,2026-09-14
GBK26-0686,798,Akuatik,PoweradeRun 5k,PT Otello Asia Internasional,Pemerintahan & Politik,2026-09-12,2026-09-13,12 - 13 September 2026,,,Tidak tercantum,Lahan Parkir 5.000m2,Tidak tercantum,,,12 - 13 September 2026,,UPDATE-Event-2026-up-14-Sep-2026-2.xlsx,2026-09-14
GBK26-0253,310,JICC,Wisuda UPN,Universitas Veteran,Pendidikan & Wisuda,2026-09-12,2026-09-12,2026-09-12,,,Tidak tercantum,"Plenary Hall, Lobby Plenary",Tidak tercantum,,2026-09-11,2026-09-12,2026-09-12,UPDATE-Event-2026-up-14-Sep-2026-2.xlsx,2026-09-14
GBK26-0582,672,Kawasan,Shiratha Launching & Charity Fun Run,Koperasi GBK,Olahraga & Esports,2026-09-12,2026-09-12,2026-09-12,,,Tidak tercantum,Parsel Barat dan Rute,Tidak tercantum,,,2026-09-12,2026-09-13,UPDATE-Event-2026-up-14-Sep-2026-2.xlsx,2026-09-14
GBK26-0041,53,STADION UTAMA,Super League Musim 2026 - 2027 — (Persija Jakarta vs Persib Bandung),Persija Jakarta,Olahraga & Esports,2026-09-12,2026-09-12,2026-09-12,,,Tidak tercantum,Stadion Utama,Tidak tercantum,,,2026-09-12,,UPDATE-Event-2026-up-14-Sep-2026-2.xlsx,2026-09-14
GBK26-0583,673,Kawasan,PoweradeRun 5K,PT. Otello Asia Internasional,Pemerintahan & Politik,2026-09-13,2026-09-13,2026-09-13,,,Tidak tercantum,Akuatik - Pintu 7,Tidak tercantum,,,2026-09-13,2026-09-13,UPDATE-Event-2026-up-14-Sep-2026-2.xlsx,2026-09-14
GBK26-0428,510,PTHK,Milo Run,IMMR,Olahraga & Esports,2026-09-14,2026-09-14,2026-09-14,,,Tidak tercantum,"PLAZA PARKIR TIMUR, PTU",Tidak tercantum,,12-13 Sept 2026,2026-09-14,,UPDATE-Event-2026-up-14-Sep-2026-2.xlsx,2026-09-14
GBK26-0256,313,JICC,Global Sources Indonesia 2026,,Pameran & Festival,2026-09-17,2026-09-19,17 s.d 19 September,,,Tidak tercantum,"Exhibition Hall A, Pre Function Hall A, Connecting Corridor, Exhibition Hall B,; Pre Funtion Hall B, Cendrawasih, Lobby Cendrawasih",Tidak tercantum,,14 s.d 16 September,17 s.d 19 September,2026-09-19,UPDATE-Event-2026-up-14-Sep-2026-2.xlsx,2026-09-14
GBK26-0257,314,JICC,Hut Partai PAN,,Pemerintahan & Politik,2026-09-18,2026-09-19,18 s.d 19 September,,,Tidak tercantum,"Plenary Hall, Lobby Plenary",Tidak tercantum,,14 s.d 17 September,18 s.d 19 September,2026-09-19,UPDATE-Event-2026-up-14-Sep-2026-2.xlsx,2026-09-14
GBK26-0258,315,JICC,RAPIMNAS PRI,,Lainnya,2026-09-18,2026-09-19,18 s.d 19 September,,,Tidak tercantum,"Assembly Hall, Lobby Assembly,",Tidak tercantum,,15 s.d 17 September,18 s.d 19 September,2026-09-20,UPDATE-Event-2026-up-14-Sep-2026-2.xlsx,2026-09-14
GBK26-0584,674,Kawasan,HUT Polytron 2026,Boss Pencipta Kreasi,Lainnya,2026-09-18,2026-09-18,2026-09-18,,,Tidak tercantum,Parsel Barat -Timur,Tidak tercantum,,,2026-09-18,2026-09-20,UPDATE-Event-2026-up-14-Sep-2026-2.xlsx,2026-09-14
GBK26-0429,511,PTHK,FWD X music zone,I News Media grup,Musik & Hiburan,2026-09-18,2026-09-18,2026-09-18,,,Tidak tercantum,hutan KOTA,Tidak tercantum,,2026-09-17,2026-09-18,2026-09-19,UPDATE-Event-2026-up-14-Sep-2026-2.xlsx,2026-09-14
GBK26-0172,219,BASKET & ANEKA LAP,FAN MEETING ARTIS INTERNASIONAL,PT. DYANDRA GLOBAL EDUTAINMENT,Pemerintahan & Politik,2026-09-19,2026-09-19,2026-09-19,,,Tidak tercantum,GEDUNG HALL BASKET,Proyeksi,PROYEKSI,16-18 SEPTEMBER,2026-09-19,2026-09-20,UPDATE-Event-2026-up-14-Sep-2026-2.xlsx,2026-09-14
GBK26-0014,20,INDONESIA ARENA,Jakarta Cosplay Expo 2026,PT. Jobfaorcareer Utama Indonesia,Pameran & Festival,2026-09-19,2026-09-20,19 s.d 20 September 2026,,,Tidak tercantum,Indonesia Arena,DP,DP,2026-09-18,19 s.d 20 September 2026,2026-09-21,UPDATE-Event-2026-up-14-Sep-2026-2.xlsx,2026-09-14
GBK26-0638,739,Istora,HUT Ke-30 APJII,APJII,Lainnya,2026-09-19,2026-09-19,2026-09-19,,,Tidak tercantum,Istora,Tidak tercantum,,17-18 September 2026,2026-09-19,2026-09-20,UPDATE-Event-2026-up-14-Sep-2026-2.xlsx,2026-09-14
GBK26-0642,743,Istora,Konser Kpop,Lit Xperience,Musik & Hiburan,2026-09-19,2026-09-19,2026-09-19,,,Tidak tercantum,Istora,Tidak tercantum,,16-18 September 2026,2026-09-19,2026-09-20,UPDATE-Event-2026-up-14-Sep-2026-2.xlsx,2026-09-14
GBK26-0641,742,Istora,Konser Musik Internasional,PT. Bintang Buana Panglima,Pemerintahan & Politik,2026-09-19,2026-09-19,2026-09-19,,,Tidak tercantum,Istora,Tidak tercantum,,17-18 September 2026,2026-09-19,2026-09-20,UPDATE-Event-2026-up-14-Sep-2026-2.xlsx,2026-09-14
GBK26-0640,741,Istora,Mamamoo 2026 World Tour (4WARD),PT Harpa Ananta Sora,Lainnya,2026-09-19,2026-09-19,2026-09-19,,,Tidak tercantum,Istora,Tidak tercantum,,17-18 September 2026,2026-09-19,2026-09-20,UPDATE-Event-2026-up-14-Sep-2026-2.xlsx,2026-09-14
GBK26-0585,675,Kawasan,Road to Pertamina Eco Run,PT. Raksasa Sembilan Media,Olahraga & Esports,2026-09-19,2026-09-19,2026-09-19,,,Tidak tercantum,Cekungan Pintu 6,Tidak tercantum,,,2026-09-19,2026-09-20,UPDATE-Event-2026-up-14-Sep-2026-2.xlsx,2026-09-14
GBK26-0586,676,Kawasan,Fun Walk TNI,TNI,Pemerintahan & Politik,2026-09-20,2026-09-20,2026-09-20,,,Tidak tercantum,Plaza Timur,Tidak tercantum,,,2026-09-20,,UPDATE-Event-2026-up-14-Sep-2026-2.xlsx,2026-09-14
GBK26-0109,148,TENNIS,FIFA Asean Cup 2026,(Yunus) PSSI Jl.Asia Afrika No.40 Rt.01/03 Gelora,Olahraga & Esports,2026-09-21,2026-10-03,21 September - 03 Oktober 2026,,,Tidak tercantum,Lap Stadion Madya,DP,Dp,,21 September - 03 Oktober 2026,,UPDATE-Event-2026-up-14-Sep-2026-2.xlsx,2026-09-14
GBK26-0175,222,BASKET & ANEKA LAP,TICKET REDEMPTION THE WEEKEND JAKARTA,PT. TEM GRUP INDONESIA,Olahraga & Esports,2026-09-22,2026-09-25,22-25 SEPTEMBER,,,Tidak tercantum,GEDUNG HALL BASKET,Tidak tercantum,,2026-09-21,22-25 SEPTEMBER,2026-09-26,UPDATE-Event-2026-up-14-Sep-2026-2.xlsx,2026-09-14
GBK26-0259,316,JICC,FEKDI 2026,,MICE & Korporasi,2026-09-24,2026-09-27,24 s.d 27 September,,,Tidak tercantum,"Lobby Cendrawasih,Assembly Hall, Lobby Assembly, Merak Room 1-3,; Nuri Room 1-2, Maleo Room, Kenari Room, Kakatua Room, Summit Room, Summit Lounge,; kasuari Lounge, Lower Lobby Pre Funtion",Tidak tercantum,,21 s.d 23 September,24 s.d 27 September,2026-09-27,UPDATE-Event-2026-up-14-Sep-2026-2.xlsx,2026-09-14
GBK26-0042,54,STADION UTAMA,FIFA ASEAN CUP 2026,"Persatuan Sepak Bola Indonesia (PSSI); GBK Arena 6th Floor, Jakarta Pusat 10270",Olahraga & Esports,2026-09-25,2026-10-05,"25, 28 September - 1, 5 Oktober 2026",,,Tidak tercantum,Stadion Utama,Tidak tercantum,,,"25, 28 September - 1, 5 Oktober 2026",,UPDATE-Event-2026-up-14-Sep-2026-2.xlsx,2026-09-14
GBK26-0174,221,BASKET & ANEKA LAP,AEROSPORT/HARI TANI,KOPASUS,Olahraga & Esports,2026-09-26,2026-09-26,2026-09-26,,,Tidak tercantum,GEDUNG HALL BASKET,Tidak tercantum,,22-25 SEPTEMBER,2026-09-26,2026-09-27,UPDATE-Event-2026-up-14-Sep-2026-2.xlsx,2026-09-14
GBK26-0173,220,BASKET & ANEKA LAP,HUT KOPASGAT TNI TAEKWONDO,KOPASGAT TNI,Pemerintahan & Politik,2026-09-26,2026-09-27,26-27 SEPTEMBER,,,Tidak tercantum,GEDUNG HALL BASKET,Proyeksi,PROYEKSI,24-25 SEPTEMBER,26-27 SEPTEMBER,2026-09-28,UPDATE-Event-2026-up-14-Sep-2026-2.xlsx,2026-09-14
GBK26-0015,21,INDONESIA ARENA,Milad & Muktamar BKMT,PT. Badan Kontak Mejelis Taklim,Keagamaan,2026-09-26,2026-09-26,2026-09-26,,,Tidak tercantum,Indonesia Arena,DP,DP,2026-09-25,2026-09-26,-,UPDATE-Event-2026-up-14-Sep-2026-2.xlsx,2026-09-14
GBK26-0643,744,Istora,JBL Festival 2026,PT. Maju Terus Kreasi,Pameran & Festival,2026-09-26,2026-09-26,2026-09-26,,,Tidak tercantum,Istora,Tidak tercantum,,23-25 September 2026,2026-09-26,2026-09-27,UPDATE-Event-2026-up-14-Sep-2026-2.xlsx,2026-09-14
GBK26-0260,317,JICC,Kriya Nusa,,Pameran & Festival,2026-09-26,2026-09-30,26 s.d 30 September,,,Tidak tercantum,"Exhibition Hall A, Pre Funtion Hall A, Conecting Corridor, Exhibition Hall B, pre;  Function Hall B",Tidak tercantum,,24 s.d 25 September,26 s.d 30 September,30 Seot,UPDATE-Event-2026-up-14-Sep-2026-2.xlsx,2026-09-14
GBK26-0431,513,PTHK,Tiktok Fest,Tiktok,Pameran & Festival,2026-09-26,2026-09-27,26-27 Sep,,,Tidak tercantum,HUTAN KOTA,Tidak tercantum,,23-25 Sept,26-27 Sep,2026-09-28,UPDATE-Event-2026-up-14-Sep-2026-2.xlsx,2026-09-14
GBK26-0432,514,PTHK,Vidio Sports Festival,PT Vidio.com,Pameran & Festival,2026-09-26,2026-09-27,26-27 Sep,,,Tidak tercantum,"PPT,PTU,PTS",Tidak tercantum,,23-25 Sept,26-27 Sep,2026-09-28,UPDATE-Event-2026-up-14-Sep-2026-2.xlsx,2026-09-14
GBK26-0589,679,Kawasan,Fun Run Inhealth Customer Day,PT. Abimantrana Kreatif Indonesia,Olahraga & Esports,2026-09-27,2026-09-27,2026-09-27,,,Tidak tercantum,Jalur ring 4,Tidak tercantum,,,2026-09-27,2026-09-27,UPDATE-Event-2026-up-14-Sep-2026-2.xlsx,2026-09-14
GBK26-0588,678,Kawasan,Fun Walk Pusat Gadai Indonesia,PT. Pusat Gadai Indonesia,Olahraga & Esports,2026-09-27,2026-09-27,2026-09-27,,,Tidak tercantum,Jalur 7A,Tidak tercantum,,,2026-09-27,2026-09-27,UPDATE-Event-2026-up-14-Sep-2026-2.xlsx,2026-09-14
GBK26-0587,677,Kawasan,Hari Jantung Sedunia,IDI Kardiovaskular,Lainnya,2026-09-27,2026-09-27,2026-09-27,,,Tidak tercantum,JL P5-P7-RING 5-P5,Tidak tercantum,,,2026-09-27,2026-09-27,UPDATE-Event-2026-up-14-Sep-2026-2.xlsx,2026-09-14
GBK26-0430,512,PTHK,WORLD HEART DAY,PERKI,Lainnya,2026-09-27,2026-09-27,2026-09-27,,,Tidak tercantum,PLAZA SUDIRMAN,Tidak tercantum,,,2026-09-27,,UPDATE-Event-2026-up-14-Sep-2026-2.xlsx,2026-09-14
GBK26-0687,799,Akuatik,Tes Kesemaptaan Jasmani PT OCK Klub Atletik,PT OCK Klub Atletik,Olahraga & Esports,2026-10-03,2026-10-03,3 Oktober 2026,,,Tidak tercantum,Kolam Pemanasan,Tidak tercantum,,,3 Oktober 2026,,UPDATE-Event-2026-up-14-Sep-2026-2.xlsx,2026-09-14
GBK26-0179,228,BASKET & ANEKA LAP,FANPROJECT NCT 127 (SEMUA MEMBER),MONIKA ELONSTIN (CIMA),Olahraga & Esports,2026-10-03,2026-10-03,3 OKTOBER,,,Tidak tercantum,LAHAN ASPAL LAPANGAN C DAN RUGBY,Dibatalkan,CANCEL,-,3 OKTOBER,-,UPDATE-Event-2026-up-14-Sep-2026-2.xlsx,2026-09-14
GBK26-0178,227,BASKET & ANEKA LAP,PROJECT NCTZEN 127,THERESA APRILIA YOSHEVIN (FITRI),Olahraga & Esports,2026-10-03,2026-10-03,3 OKTOBER,,,Tidak tercantum,LAHAN PARKIR LAPANGAN PANJAT TEBNG,Proyeksi,PROYEKSI,-,3 OKTOBER,-,UPDATE-Event-2026-up-14-Sep-2026-2.xlsx,2026-09-14
GBK26-0016,22,INDONESIA ARENA,Konser Musik International,PT. Dyandra Global Entertainment,Musik & Hiburan,2026-10-03,2026-10-03,03 Oktober 2026,,,Tidak tercantum,Indonesia Arena,DP,DP,28 Sept-02 Okt 2026,03 Oktober 2026,04 Oktober 2026,UPDATE-Event-2026-up-14-Sep-2026-2.xlsx,2026-09-14
GBK26-0645,746,Istora,Konser Musik Kpop,PT. Maju Terus Kreasi,Musik & Hiburan,2026-10-03,2026-10-03,3 Oktober 2026,,,Tidak tercantum,Istora,Tidak tercantum,,29-30 September s.d 1-2 Oktober 2026,3 Oktober 2026,4 Oktober 2026,UPDATE-Event-2026-up-14-Sep-2026-2.xlsx,2026-09-14
GBK26-0646,747,Istora,Mobile Pro Festival,TEG Holding PTE. LTD,Pameran & Festival,2026-10-03,2026-10-04,3-4 Oktober 2026,,,Tidak tercantum,Istora,Tidak tercantum,,28-30 September s.d 1-2 Oktober 2026,3-4 Oktober 2026,5 Oktober 2026,UPDATE-Event-2026-up-14-Sep-2026-2.xlsx,2026-09-14
GBK26-0262,319,JICC,Games Online,,Lainnya,2026-10-03,2026-10-04,03 s.d 04 oktober,,,Tidak tercantum,"Plenary Hall, Lobby Plenary",Tidak tercantum,,29 s.d 02 okt,03 s.d 04 oktober,2026-10-04,UPDATE-Event-2026-up-14-Sep-2026-2.xlsx,2026-09-14
GBK26-0364,435,KANTOR PUSAT & MOS,Pernikahan,Brita S (Niken),Pernikahan & Pribadi,2026-10-03,2026-10-03,2026-10-03,,,Tidak tercantum,Ruang Cattelya WSG,Tidak tercantum,,,2026-10-03,,UPDATE-Event-2026-up-14-Sep-2026-2.xlsx,2026-09-14
GBK26-0590,680,Kawasan,Jakarta Criterium 2026,PT. Sportindo Makmur Investama,Lainnya,2026-10-03,2026-10-03,2026-10-03,,,Tidak tercantum,Parsel Barat - Timur & Cekungan P6,Tidak tercantum,,,2026-10-03,2026-10-04,UPDATE-Event-2026-up-14-Sep-2026-2.xlsx,2026-09-14
GBK26-0647,748,Istora,Konser Musik,Gandem Pro,Musik & Hiburan,2026-10-04,2026-10-04,04 Oktober 2026,,,Tidak tercantum,Istora,Tidak tercantum,,02 - 03 Oktober 2026,04 Oktober 2026,5 Oktober 2026,UPDATE-Event-2026-up-14-Sep-2026-2.xlsx,2026-09-14
GBK26-0261,318,JICC,Indonesia International Book Fair,,Pameran & Festival,2026-10-04,2026-10-30,30 s.d 4 Oktober,,,Tidak tercantum,"Assembly Hall, Lobby Assembly, Merak Room 1-3,; Nuri Room 1-2, Maleo Room, Kenari Room, Kakatua Room, Summit Room, Summit Lounge,; kasuari Lounge, Lower Lobby Pre Funtion",Tidak tercantum,,28 s.d 29 September,30 s.d 4 Oktober,2026-10-04,UPDATE-Event-2026-up-14-Sep-2026-2.xlsx,2026-09-14
GBK26-0433,515,PTHK,jakarta criterium 2026,SMI,Lainnya,2026-10-04,2026-10-04,4 okt,,,Tidak tercantum,"Plaza Sudirman, Taman Softball",Tidak tercantum,,2-3 okt,4 okt,,UPDATE-Event-2026-up-14-Sep-2026-2.xlsx,2026-09-14
GBK26-0434,516,PTHK,senam pilates bersama livera,PT Ledpro,Pemerintahan & Politik,2026-10-04,2026-10-04,4 OKt,,,Tidak tercantum,Plaza Parkir Timur,Tidak tercantum,,3 Okt,4 OKt,,UPDATE-Event-2026-up-14-Sep-2026-2.xlsx,2026-09-14
GBK26-0591,682,Kawasan,parade Mark Marquez,pintu kreatif,Lainnya,2026-10-05,2026-10-05,2026-10-05,,,Tidak tercantum,2 Parsel dan ring 4,Tidak tercantum,,,2026-10-05,2026-10-06,UPDATE-Event-2026-up-14-Sep-2026-2.xlsx,2026-09-14
GBK26-0177,226,BASKET & ANEKA LAP,GALA DINNER (PERFORMANCE) ANNIVERSARY BANK DANAMON,PT. SKALA GLOBAL KREATIVA,Olahraga & Esports,2026-10-06,2026-10-06,6 OKTOBER,,,Tidak tercantum,GEDUNG HALL BASKET,DP,DP,2 S.D 5 OKTOBER,6 OKTOBER,6 DAN 7 OKTOBER,UPDATE-Event-2026-up-14-Sep-2026-2.xlsx,2026-09-14
GBK26-0435,517,PTHK,TBC,Koperasi,Komunitas & Gaya Hidup,2026-10-06,2026-10-06,6 OKT,,,Tidak tercantum,PPT,Tidak tercantum,,5 OKT,6 OKT,7 OKT,UPDATE-Event-2026-up-14-Sep-2026-2.xlsx,2026-09-14
GBK26-0110,149,TENNIS,Gala Dinner Performance,PT.Skala Global Kreativa Skala gedung patra Jasa Lantai 17 Ruang 1702 Jl.Gator Subroto Kuningan timur Jakarta Selatan,Olahraga & Esports,2026-10-06,2026-10-06,03 - 07 Oktober 2026 (6 Oktober 2026),,,Tidak tercantum,Tenis indoor,Soft booking,Softbook,,03 - 07 Oktober 2026 (6 Oktober 2026),,UPDATE-Event-2026-up-14-Sep-2026-2.xlsx,2026-09-14
GBK26-0263,320,JICC,Inacraft,PT Mediatama Bina kreasi,Pameran & Festival,2026-10-07,2026-10-11,07 s.d 11 Oktober,,,Tidak tercantum,"Exhibition Hall A, Pre Function Hall A, Connecting Corridor, Exhibition Hall B,; Pre Function Hall B, Cendrawasih Room, Lobby Cendrawasih,Plenary Hall,; Lobby Plenary, Assembly Hall, Lobby Assembly",Tidak tercantum,,04 s.d 06 Oktober,07 s.d 11 Oktober,2026-10-12,UPDATE-Event-2026-up-14-Sep-2026-2.xlsx,2026-09-14
GBK26-0593,684,Kawasan,Fred Perry DNA Night,PT. Sembilan Ohm Sembilan,Lainnya,2026-10-08,2026-10-08,2026-10-08,,,Tidak tercantum,Taman Anggrek,Tidak tercantum,,,2026-10-08,2026-10-10,UPDATE-Event-2026-up-14-Sep-2026-2.xlsx,2026-09-14
GBK26-0688,800,Akuatik,Tigers Cup 2026,Rising Tigers Akuatik,Olahraga & Esports,2026-10-09,2026-10-10,9-10 Oktober,,,Tidak tercantum,"Kolam Polo, Tanding, Diving, dan Pemanasan",Tidak tercantum,,,9-10 Oktober,,UPDATE-Event-2026-up-14-Sep-2026-2.xlsx,2026-09-14
GBK26-0592,683,Kawasan,VICTORIA RUN,NUBRO,Olahraga & Esports,2026-10-09,2026-10-09,2026-10-09,,,Tidak tercantum,JL. APEC,Tidak tercantum,,,2026-10-09,2026-10-11,UPDATE-Event-2026-up-14-Sep-2026-2.xlsx,2026-09-14
GBK26-0437,519,PTHK,KONSER NDX AKA,KOPERASI,Musik & Hiburan,2026-10-09,2026-10-09,9 OKTOBER 2026,,,Tidak tercantum,HUTAN KOTA,Tidak tercantum,,8 pkt,9 OKTOBER 2026,10 okt,UPDATE-Event-2026-up-14-Sep-2026-2.xlsx,2026-09-14
GBK26-0180,229,BASKET & ANEKA LAP,RED BULL POWER RUN,MNC,Olahraga & Esports,2026-10-10,2026-10-10,10 OKTOBER,,,Tidak tercantum,GEDUNG HALL BASKET,Proyeksi,PROYEKSI,8-9 OKTOBER,10 OKTOBER,11 OKTOBER,UPDATE-Event-2026-up-14-Sep-2026-2.xlsx,2026-09-14
GBK26-0017,23,INDONESIA ARENA,50th Golden Jubilee,Badan Pelayanan Nasional Pembaharuan Karismatik Katolik Indonesia,Keagamaan,2026-10-10,2026-10-10,10 Oktober 2026,,,Tidak tercantum,Indonesia Arena,DP,DP,08 s.d 09 Oktober 2026,10 Oktober 2026,11 Oktober 2026,UPDATE-Event-2026-up-14-Sep-2026-2.xlsx,2026-09-14
GBK26-0648,749,Istora,Konser Musik,PT. Ruang Antara Suara,Musik & Hiburan,2026-10-10,2026-10-10,10 Oktober 2026,,,Tidak tercantum,Istora,Tidak tercantum,,08-09 Oktober 2026,10 Oktober 2026,11 Oktober 2026,UPDATE-Event-2026-up-14-Sep-2026-2.xlsx,2026-09-14
GBK26-0264,321,JICC,SPEKIX 2026,,MICE & Korporasi,2026-10-10,2026-10-11,10 s.d 11 Oktober,,,Tidak tercantum,"Merak Room 1-3, Nuri Room 1-2,; Maleo Room, Murai Room, Kenari Room, Kakatua Room, Summit Room, Summit Lounge,; Kasuari Lounge, Lower Lobby Pre Function, secre Office",Tidak tercantum,,08 s.d 09 Oktober,10 s.d 11 Oktober,2026-10-12,UPDATE-Event-2026-up-14-Sep-2026-2.xlsx,2026-09-14
GBK26-0365,436,KANTOR PUSAT & MOS,Pernikahan Adat Batak,Jarot Robertus Sitinjak,Pernikahan & Pribadi,2026-10-10,2026-10-10,2026-10-10,,,Tidak tercantum,Ruang Cattelya WSG,Tidak tercantum,,,2026-10-10,,UPDATE-Event-2026-up-14-Sep-2026-2.xlsx,2026-09-14
GBK26-0043,55,STADION UTAMA,Pertandingan Sepak Bola — International Legends Match — (MU vs Liverpool),PT. Allive Creative Indonesia; SOHO Podomoro City Unit 2310; Jl. Let. Jend. S. Parman Kav. 28; Jakarta 11470,Olahraga & Esports,2026-10-10,2026-10-10,7 - 11 Oktober 2026 (10 Oktober 2026),,,Tidak tercantum,Stadion Utama,Tidak tercantum,,,7 - 11 Oktober 2026 (10 Oktober 2026),,UPDATE-Event-2026-up-14-Sep-2026-2.xlsx,2026-09-14
GBK26-0111,150,TENNIS,Konser Teman Tulus,(Reva Narendra Cahya Sapiie) PT.Sehulu Kreasi Internasional (Seraya Group) Komplek Antapani City Mas Raya Nomor 23; City; BANDUNG,Pemerintahan & Politik,2026-10-10,2026-10-10,07 - 11 Oktober 2026 (10 Oktober 2026),,,Tidak tercantum,Tenis Indoor Single Tarif,Soft booking,Softbook,,07 - 11 Oktober 2026 (10 Oktober 2026),,UPDATE-Event-2026-up-14-Sep-2026-2.xlsx,2026-09-14
GBK26-0112,151,TENNIS,The Red Derby 2026,(song Taek Jeon) PT. Alive Creative Coaching Clinick Sepakbola,Olahraga & Esports,2026-10-10,2026-10-10,10 Oktober 2026 jam 07.00-12.00 wib,07:00,12:00,07:00–12:00 WIB,Lap. Bola MAdya,Soft booking,Softbook,,10 Oktober 2026 jam 07.00-12.00 wib,,UPDATE-Event-2026-up-14-Sep-2026-2.xlsx,2026-09-14
GBK26-0438,520,PTHK,ISEF FAMILY RUN,INDONESIA MUDA KREASI,Olahraga & Esports,2026-10-11,2026-10-11,11 OKT,,,Tidak tercantum,HUTAN KOTA,Tidak tercantum,,9-10 OKT,11 OKT,,UPDATE-Event-2026-up-14-Sep-2026-2.xlsx,2026-09-14
GBK26-0436,518,PTHK,VICTORIA HALF MARATHON,Nubro,Olahraga & Esports,2026-10-11,2026-10-11,11 okt,,,Tidak tercantum,"Parkir timur selatan, Plaza PARKIR TIMUR",Tidak tercantum,,8-10 okt,11 okt,,UPDATE-Event-2026-up-14-Sep-2026-2.xlsx,2026-09-14
GBK26-0265,322,JICC,ISEF 2026,,Pameran & Festival,2026-10-15,2026-10-19,15 s.d 19 oktober,,,Tidak tercantum,"Exhibition Hall A, Pre Function Hall A, Connecting Corridor, Exhibition Hall B,; Pre Function Hall B, Cendrawasih Room, Lobby Cendrawasih,Plenary Hall,; Lobby Plenary, Assembly Hall, Lobby Assembly, Merak Room 1-3, Nuri Room 1-2,; Maleo Room, Murai Room, Kenari Room, Kakatua Room, Summit Room, Summit Lounge,; Kasuari Lounge, Lower Lobby Pre Function, secre Office",Tidak tercantum,,13 s.d 14 Oktober,15 s.d 19 oktober,2026-10-20,UPDATE-Event-2026-up-14-Sep-2026-2.xlsx,2026-09-14
GBK26-0183,232,BASKET & ANEKA LAP,SOUTHEAST ASIA FLAG FOOTBALL CHAMPIONSHIP,ASOSIASI AMERICAN FOOTBALL INDONESIA (AAFI),Olahraga & Esports,2026-10-16,2026-10-18,16-18 OKTOBER,,,Tidak tercantum,LAPANGAN RUGBY,Proyeksi,PROYEKSI,,16-18 OKTOBER,,UPDATE-Event-2026-up-14-Sep-2026-2.xlsx,2026-09-14
GBK26-0594,685,Kawasan,ITB Ultra Marathomn,ITB Ultra,Lainnya,2026-10-16,2026-10-16,2026-10-16,,,Tidak tercantum,7A,Tidak tercantum,,,2026-10-16,,UPDATE-Event-2026-up-14-Sep-2026-2.xlsx,2026-09-14
GBK26-0689,801,Akuatik,3rd SEAA Masters Swimming Championship 2026,PB Akuatik Indonesia,Olahraga & Esports,2026-10-17,2026-10-18,17-18 Oktober,,,Tidak tercantum,Kolam Tanding dan Diving,Tidak tercantum,,16 Oktober,17-18 Oktober,,UPDATE-Event-2026-up-14-Sep-2026-2.xlsx,2026-09-14
GBK26-0181,230,BASKET & ANEKA LAP,TICKT REDEMPTION BABYMONSTER,PT. TEM GRUP INDONESIA,Olahraga & Esports,2026-10-17,2026-10-17,17 OKTOBER,,,Tidak tercantum,GEDUNG HALL BASKET,Proyeksi,PROYEKSI,15-16 OKTOBER,17 OKTOBER,18 OKTOBER,UPDATE-Event-2026-up-14-Sep-2026-2.xlsx,2026-09-14
GBK26-0018,24,INDONESIA ARENA,Intenrational Music Concert,PT TEM Group Indonesia,Musik & Hiburan,2026-10-17,2026-10-17,17 Oktober 2026,,,Tidak tercantum,Indonesia Arena,DP,DP,13 s.d 16 Oktober 2026,17 Oktober 2026,18 Oktober 2026,UPDATE-Event-2026-up-14-Sep-2026-2.xlsx,2026-09-14
GBK26-0650,751,Istora,Konser Kpop,Lit Xperience,Musik & Hiburan,2026-10-17,2026-10-17,17 Oktober 2026,,,Tidak tercantum,Istora,Tidak tercantum,,14-16 Oktober 2026,17 Oktober 2026,18 Oktober 2026,UPDATE-Event-2026-up-14-Sep-2026-2.xlsx,2026-09-14
GBK26-0649,750,Istora,Konser Musik Internasional,PT. Dyandra Global Edutainment,Pemerintahan & Politik,2026-10-17,2026-10-17,17 Oktober 2026,,,Tidak tercantum,Istora,Tidak tercantum,,14 - 16 Oktober 2026,17 Oktober 2026,18 Oktober 2026,UPDATE-Event-2026-up-14-Sep-2026-2.xlsx,2026-09-14
GBK26-0595,686,Kawasan,ALFAMART RUN,PT Blink Karya Gemilang,Olahraga & Esports,2026-10-17,2026-10-17,2026-10-17,,,Tidak tercantum,JL. APEC- P7,Tidak tercantum,,,2026-10-17,2026-10-18,UPDATE-Event-2026-up-14-Sep-2026-2.xlsx,2026-09-14
GBK26-0439,521,PTHK,ALFA RUN,PT BLINK,Olahraga & Esports,2026-10-18,2026-10-18,18 OKTOBER 2026,,,Tidak tercantum,"PLAZA PARKIR TIMUR, PTS, PTU",Tidak tercantum,,16-17 Okt,18 OKTOBER 2026,,UPDATE-Event-2026-up-14-Sep-2026-2.xlsx,2026-09-14
GBK26-0440,522,PTHK,Halal Run,kompas,Olahraga & Esports,2026-10-18,2026-10-18,18 OKTOBER 2026,,,Tidak tercantum,hutan kota,Tidak tercantum,,16-17 Okt,18 OKTOBER 2026,,UPDATE-Event-2026-up-14-Sep-2026-2.xlsx,2026-09-14
GBK26-0441,523,PTHK,MENUJU 50 TAHUN EMAS HAEI,HIMPUNAN AHLI ELEKTRO INDONESIA,Lainnya,2026-10-18,2026-10-18,18 OKTOBER 2026,,,Tidak tercantum,PLAZA SUDirman,Tidak tercantum,,17 OKT,18 OKTOBER 2026,,UPDATE-Event-2026-up-14-Sep-2026-2.xlsx,2026-09-14
GBK26-0044,56,STADION UTAMA,Pesta Ulang Tahun HKBP ke-165,"Yayasan Universitas HKBP Nommensen; Jl. Perintis Kemerdekaan No.21, Medan, Sumatra Utara",Pendidikan & Wisuda,2026-10-18,2026-10-18,13 - 20 Oktober 2026 (18 Oktober 2026),,,Tidak tercantum,Stadion Utama,DP,Sudah DP,,13 - 20 Oktober 2026 (18 Oktober 2026),,UPDATE-Event-2026-up-14-Sep-2026-2.xlsx,2026-09-14
GBK26-0651,752,Istora,KLAB,KLAB,Lainnya,2026-10-22,2026-10-25,22 - 25 Oktober 2026,,,Tidak tercantum,Istora,Tidak tercantum,,19 - 21 Oktober 2026,22 - 25 Oktober 2026,26 Oktober 2026,UPDATE-Event-2026-up-14-Sep-2026-2.xlsx,2026-09-14
GBK26-0266,323,JICC,BSI International Expo,,Pameran & Festival,2026-10-22,2026-10-26,22 s.d 26 Oktober,,,Tidak tercantum,"Exhibition Hall A, Pre Function Hall A, Connecting Corridor, Exhibition Hall B,; Pre Function Hall B",Tidak tercantum,,20 s.d 21 oktober,22 s.d 26 Oktober,2026-10-26,UPDATE-Event-2026-up-14-Sep-2026-2.xlsx,2026-09-14
GBK26-0269,326,JICC,Wisuda Univ. Gunadarma,Universitas Gunadarma,Pendidikan & Wisuda,2026-10-22,2026-10-22,2026-10-22,,,Tidak tercantum,Plenary Hall dan Lobby Plenary,Tidak tercantum,,2026-10-21,2026-10-22,2026-10-22,UPDATE-Event-2026-up-14-Sep-2026-2.xlsx,2026-09-14
GBK26-0596,687,Kawasan,JAKARTA RUNNING FESTV,KLAB,Lainnya,2026-10-22,2026-10-22,2026-10-22,,,Tidak tercantum,JL APEC dan JALUR KTT,Tidak tercantum,,,2026-10-22,2026-10-25,UPDATE-Event-2026-up-14-Sep-2026-2.xlsx,2026-09-14
GBK26-0443,525,PTHK,TEST DRIVE,BSI,Lainnya,2026-10-22,2026-10-25,22-25 OKTOBER,,,Tidak tercantum,PTU,Tidak tercantum,,,22-25 OKTOBER,,UPDATE-Event-2026-up-14-Sep-2026-2.xlsx,2026-09-14
GBK26-0182,231,BASKET & ANEKA LAP,GYMNASTIC,PB PERSANI,Olahraga & Esports,2026-10-23,2026-10-25,23-25 OKTOBER,,,Tidak tercantum,GEDUNG HALL BASKET,Dibatalkan,CANCEL,21-22 OKTOBER,23-25 OKTOBER,26 OKTOBER,UPDATE-Event-2026-up-14-Sep-2026-2.xlsx,2026-09-14
GBK26-0267,324,JICC,Agrinex Expo,,Pameran & Festival,2026-10-23,2026-10-25,23 s.d 25 Oktober,,,Tidak tercantum,"Cendrawasih Room, Lobby Cendrawasih",Tidak tercantum,,21 s.d 22 Oktober,23 s.d 25 Oktober,2026-10-26,UPDATE-Event-2026-up-14-Sep-2026-2.xlsx,2026-09-14
GBK26-0268,325,JICC,Minerba Convex,,MICE & Korporasi,2026-10-23,2026-10-25,23 s.d 25 Oktober,,,Tidak tercantum,"Assembly Hall, Lobby Assembly, Merak Room 1-3, Nuri Room 1-2,; Maleo Room, Murai Room, Kenari Room, Kakatua Room, Summit Room, Summit Lounge,; Kasuari Lounge, Lower Lobby Pre Function, secre Office",Tidak tercantum,,21 s.d 22 Oktober,23 s.d 25 Oktober,2026-10-26,UPDATE-Event-2026-up-14-Sep-2026-2.xlsx,2026-09-14
GBK26-0270,327,JICC,Wisuda Univ. Nasional,Universitas Nasional,Pendidikan & Wisuda,2026-10-24,2026-10-24,2026-10-24,,,Tidak tercantum,Plenary Hall dan Lobby Plenary,Tidak tercantum,,2026-10-23,2026-10-24,2026-10-24,UPDATE-Event-2026-up-14-Sep-2026-2.xlsx,2026-09-14
GBK26-0444,526,PTHK,Community Activation,PT Gofit Inspirasi Indonesia,Komunitas & Gaya Hidup,2026-10-24,2026-10-25,24-25 OKTOBER 2026,,,Tidak tercantum,plaza sudirMAN,Tidak tercantum,,,24-25 OKTOBER 2026,,UPDATE-Event-2026-up-14-Sep-2026-2.xlsx,2026-09-14
GBK26-0445,527,PTHK,FESTIVAL JAJANAN BANGO,MIDAS HANDS CREATIVE NETWORK,Pameran & Festival,2026-10-24,2026-10-25,24-25 OKTOBER 2026,,,Tidak tercantum,Hutan Kota,Tidak tercantum,,22-23 OKTOBER 2026,24-25 OKTOBER 2026,26 OKTOBER,UPDATE-Event-2026-up-14-Sep-2026-2.xlsx,2026-09-14
GBK26-0442,524,PTHK,Jakarta Run Festival,KLAB,Olahraga & Esports,2026-10-24,2026-10-25,24-25 OKTOBER 2026,,,Tidak tercantum,"Plaza Parkir Timur, PTS",Tidak tercantum,,22-23 OKTOBER 2026,24-25 OKTOBER 2026,26 Okt,UPDATE-Event-2026-up-14-Sep-2026-2.xlsx,2026-09-14
GBK26-0045,57,STADION UTAMA,YE's Concert in Jakarta (Kanye West),Raw Vision Collective,Musik & Hiburan,2026-10-24,2026-10-24,21 - 28 Oktober 2026 (24 Oktober 2026),,,Tidak tercantum,Stadion Utama,Tidak tercantum,,,21 - 28 Oktober 2026 (24 Oktober 2026),,UPDATE-Event-2026-up-14-Sep-2026-2.xlsx,2026-09-14
GBK26-0113,152,TENNIS,Junior Dash,"(Metz) PT. Kelompok Lari Anak Bangsa; Jl. Cideng Barat No. 51B, Jakarta Pusat 10150",Olahraga & Esports,2026-10-24,2026-10-24,24 Okt 2026,,,Tidak tercantum,Lahan 6000 M2,Tidak tercantum,,,24 Okt 2026,,UPDATE-Event-2026-up-14-Sep-2026-2.xlsx,2026-09-14
GBK26-0114,153,TENNIS,Konser Musik Internasional,(Heru Harmono) PT.Harpa Ananta Sora Treasury Tower 5 Floor Unit J Kebayoran baru Jakarta selatan,Pemerintahan & Politik,2026-10-24,2026-10-24,22 - 25 Oktober 2026 (24 Oktober 2026),,,Tidak tercantum,Tenis Indoor Single Tarif,Soft booking,Softbook,,22 - 25 Oktober 2026 (24 Oktober 2026),,UPDATE-Event-2026-up-14-Sep-2026-2.xlsx,2026-09-14
GBK26-0271,328,JICC,Wisuda Univ. Budi Luhur,Universitas Budi Luhur,Pendidikan & Wisuda,2026-10-26,2026-10-26,2026-10-26,,,Tidak tercantum,Plenary Hall dan Lobby Plenary,Tidak tercantum,,2026-10-25,2026-10-26,2026-10-24,UPDATE-Event-2026-up-14-Sep-2026-2.xlsx,2026-09-14
GBK26-0272,329,JICC,Wisuda Univ. ITL Trisakti,Universitas ITL Trisakti,Pendidikan & Wisuda,2026-10-28,2026-10-28,2026-10-28,,,Tidak tercantum,Plenary Hall dan Lobby Plenary,Tidak tercantum,,2026-10-27,2026-10-28,2026-10-28,UPDATE-Event-2026-up-14-Sep-2026-2.xlsx,2026-09-14
GBK26-0690,802,Akuatik,Pari Sakti Water Polo Tournament 2026,Parisakti Swimming Club,Olahraga & Esports,2026-10-29,2026-11-01,29 Oktober - 01 November 2026,,,Tidak tercantum,Kolam Polo,Tidak tercantum,,,29 Oktober - 01 November 2026,,UPDATE-Event-2026-up-14-Sep-2026-2.xlsx,2026-09-14
GBK26-0184,233,BASKET & ANEKA LAP,PENUKARAN TIKET KONSER LANY,PT. MITRA MUDA JAYA (PK ENTERTAINMENT GROUP),Musik & Hiburan,2026-10-29,2026-10-29,29 OKTOBER,,,Tidak tercantum,GEDUNG HALL BASKET,DP,DP,27-28 OKTOBER,29 OKTOBER,30 OKTOBER,UPDATE-Event-2026-up-14-Sep-2026-2.xlsx,2026-09-14
GBK26-0019,25,INDONESIA ARENA,Music Concert,PT. Mitra Muda Jaya (PK Entertainment),Musik & Hiburan,2026-10-29,2026-10-30,29 s.d 30 Oktober 2026,,,Tidak tercantum,Indonesia Arena,Soft booking,Softbooking,25 s.d 28 Oktober 2026,29 s.d 30 Oktober 2026,31 Oktober 2026,UPDATE-Event-2026-up-14-Sep-2026-2.xlsx,2026-09-14
GBK26-0275,332,JICC,Indocomtech,,Pameran & Festival,2026-10-29,2026-11-01,29 Okt s.d 01 Nov,,,Tidak tercantum,"Exhibition Hall A, Pre Function Hall A, Connecting Corridor",Tidak tercantum,,27 s.d 28 Oktober,29 Okt s.d 01 Nov,2026-11-01,UPDATE-Event-2026-up-14-Sep-2026-2.xlsx,2026-09-14
GBK26-0597,688,Kawasan,ANLENE OSTEODAY 2026,RESTEP,Lainnya,2026-10-29,2026-10-29,2026-10-29,,,Tidak tercantum,Parsel Timur,Tidak tercantum,,,2026-10-29,2026-11-01,UPDATE-Event-2026-up-14-Sep-2026-2.xlsx,2026-09-14
GBK26-0273,330,JICC,Wedding Dion Nina,PIC Mba Dea,Pernikahan & Pribadi,2026-10-30,2026-10-30,2026-10-30,,,Tidak tercantum,"Cendrawasih Room, Lobby Cendrawasih, kakatua Room, Summit Room,;  Kasuari Lounge, Summit Lounge, Lower Lobby Pre Function, Secre Office,; Meeting Room 1-2",Tidak tercantum,,27 s.d 29 Oktober,2026-10-30,2026-10-30,UPDATE-Event-2026-up-14-Sep-2026-2.xlsx,2026-09-14
GBK26-0115,154,TENNIS,Konser / Fanmeet,"PT. TipTip Network Indonesia Jl.pandan wangi i blok.b 12, no.13. larangan selatan, banten",Musik & Hiburan,2026-10-30,2026-10-31,28 Oktober - 01 November 2026 (30 - 31 Oktober 2026),,,Tidak tercantum,Tenis Indoor Single Tarif,Soft booking,Softbook,,28 Oktober - 01 November 2026 (30 - 31 Oktober 2026),,UPDATE-Event-2026-up-14-Sep-2026-2.xlsx,2026-09-14
GBK26-0691,803,Akuatik,Binus Cup XI 2026,Binus School Simprug,Olahraga & Esports,2026-10-31,2026-10-31,31 Oktober 2026,,,Tidak tercantum,Kolam Tanding dan Diving,Tidak tercantum,,,31 Oktober 2026,,UPDATE-Event-2026-up-14-Sep-2026-2.xlsx,2026-09-14
GBK26-0652,753,Istora,Axis Nation Cup 2026,PT. Event Aman Sukses Indonesia,Lainnya,2026-10-31,2026-10-31,31 Oktober 2026,,,Tidak tercantum,Istora,Tidak tercantum,,28-30 Oktober 2026,31 Oktober 2026,2026-11-01,UPDATE-Event-2026-up-14-Sep-2026-2.xlsx,2026-09-14
GBK26-0277,334,JICC,Tokyo JobFair 2026,,Pameran & Festival,2026-10-31,2026-10-31,2026-10-31,,,Tidak tercantum,"Merak Room 1-3, Nuri Room 1-2,; Maleo Room, Murai Room, Kenari Room, Kakatua Room, Summit Room, Summit Lounge,; Kasuari Lounge, Lower Lobby Pre Function, secre Office",Tidak tercantum,,2026-10-30,2026-10-31,2026-10-31,UPDATE-Event-2026-up-14-Sep-2026-2.xlsx,2026-09-14
GBK26-0276,333,JICC,Vape Fair,PT Pamerindo Indonesia,Pameran & Festival,2026-10-31,2026-11-01,31 okt s.d 01 nov,,,Tidak tercantum,"Exhibition Hall B, Pre Function Exhibition Hall B",Tidak tercantum,,28 s.d 30 Oktober,31 okt s.d 01 nov,2026-11-01,UPDATE-Event-2026-up-14-Sep-2026-2.xlsx,2026-09-14
GBK26-0274,331,JICC,Wisuda Univ. Trisakti,Universitas Trisakti,Pendidikan & Wisuda,2026-10-31,2026-10-31,2026-10-31,,,Tidak tercantum,Plenary Hall dan Lobby Plenary,Tidak tercantum,,2026-10-30,2026-10-31,2026-10-31,UPDATE-Event-2026-up-14-Sep-2026-2.xlsx,2026-09-14
GBK26-0366,437,KANTOR PUSAT & MOS,Gathering And Worshop Line Dance Tingkat Internasional,Margaretha Lily Maramis,Pemerintahan & Politik,2026-10-31,2026-10-31,2026-10-31,,,Tidak tercantum,Ruang Cattelya WSG,Tidak tercantum,,,2026-10-31,,UPDATE-Event-2026-up-14-Sep-2026-2.xlsx,2026-09-14
GBK26-0446,528,PTHK,Jak Japan Matsuri,Kedutaan Jepang,Lainnya,2026-10-31,2026-11-01,31 okt - 1 nov,,,Tidak tercantum,"PLAZA PARKIR TIMUR , 2 PULAU PTU",Tidak tercantum,,29-30 okt,31 okt - 1 nov,2026-11-02,UPDATE-Event-2026-up-14-Sep-2026-2.xlsx,2026-09-14
GBK26-0447,529,PTHK,ANLENE RUN,Koperasi,Olahraga & Esports,2026-11-01,2026-11-01,2026-11-01,,,Tidak tercantum,PTHK,Tidak tercantum,,29-31 OKTOBER,2026-11-01,,UPDATE-Event-2026-up-14-Sep-2026-2.xlsx,2026-09-14
GBK26-0066,93,STADION UTAMA - PLAZA,Gerak Jalan Anlene,"Koperasi Karyawan Gelora Bung Karno; Jln. Pintu Satu Senayan, Jakarta 10270",Komunitas & Gaya Hidup,2026-11-01,2026-11-01,29 Oktober - 1 November 2026 (1 November 2026),,,Tidak tercantum,Plaza Tenggara,Tidak tercantum,,,29 Oktober - 1 November 2026 (1 November 2026),,UPDATE-Event-2026-up-14-Sep-2026-2.xlsx,2026-09-14
GBK26-0069,96,STADION UTAMA - PLAZA,Nasdem Run for Impact 2026,"Indonesia Muda Kreasi; Komplek Taman Asri Blok : G7/17, gaga Larangan, Tanggerang, 15154",Olahraga & Esports,2026-11-01,2026-11-01,30 Oktober - 1 November 2026 (1 November 2026),,,Tidak tercantum,Plaza Timur,Tidak tercantum,,,30 Oktober - 1 November 2026 (1 November 2026),,UPDATE-Event-2026-up-14-Sep-2026-2.xlsx,2026-09-14
GBK26-0692,804,Akuatik,IOAC,PB Akuatik Indonesia,Olahraga & Esports,2026-11-03,2026-11-06,3-6 November,,,Tidak tercantum,1. Kolam Tanding; 2. Kolam Diving; 3. Kolam Polo; 4. Kolam Pemanasan,Tidak tercantum,,,3-6 November,,UPDATE-Event-2026-up-14-Sep-2026-2.xlsx,2026-09-14
GBK26-0186,235,BASKET & ANEKA LAP,THE IBA ASIAN U23 AND YOUTH MEN'S & WOMENS OPEN BOXING CHAMPIONSHIP 2026,PP PERTINA,Olahraga & Esports,2026-11-03,2026-11-15,3-15 NOVEMBER,,,Tidak tercantum,GEDUNG HALL BASKET,Proyeksi,PROYEKSI,1-2 NOVEMBER,3-15 NOVEMBER,2026-11-16,UPDATE-Event-2026-up-14-Sep-2026-2.xlsx,2026-09-14
GBK26-0653,754,Istora,Konser Musik Internasional,PT Otello Asia Internasional,Pemerintahan & Politik,2026-11-04,2026-11-04,2026-11-04,,,Tidak tercantum,Istora,Tidak tercantum,,02-03 November 2026,2026-11-04,2026-11-05,UPDATE-Event-2026-up-14-Sep-2026-2.xlsx,2026-09-14
GBK26-0367,438,KANTOR PUSAT & MOS,Loading In,PT. Indonesia Muda Kreasi,Operasional,2026-11-04,2026-11-04,2026-11-04,,,Tidak tercantum,Ruang Vanda WSG,Tidak tercantum,,,2026-11-04,,UPDATE-Event-2026-up-14-Sep-2026-2.xlsx,2026-09-14
GBK26-0655,756,Istora,Jakarta Internasional Football Show,PT. Basket Bola Digital,Pemerintahan & Politik,2026-11-05,2026-11-06,5-6 November 2026,,,Tidak tercantum,Istora,Tidak tercantum,,03-04 November 2026,5-6 November 2026,7 Agustus 2026,UPDATE-Event-2026-up-14-Sep-2026-2.xlsx,2026-09-14
GBK26-0368,439,KANTOR PUSAT & MOS,Bayrun For Charity,,Komunitas & Gaya Hidup,2026-11-05,2026-11-07,5 - 7 November 2026,,,Tidak tercantum,KANTOR PUSAT & MOS,Tidak tercantum,,,5 - 7 November 2026,,UPDATE-Event-2026-up-14-Sep-2026-2.xlsx,2026-09-14
GBK26-0657,758,Istora,Akselerasi,Konser Musik,Musik & Hiburan,2026-11-06,2026-11-06,2026-11-06,,,Tidak tercantum,Istora,Tidak tercantum,,04 - 05 November 2026,2026-11-06,2026-11-07,UPDATE-Event-2026-up-14-Sep-2026-2.xlsx,2026-09-14
GBK26-0278,335,JICC,USS Jakarta,PT Untung Selalu Sukses,Pameran & Festival,2026-11-06,2026-11-08,06 s.d 08 November,,,Tidak tercantum,"Exhibition Hall A, Pre Funtion Hall A, Conecting Corridor, Exhibition Hall B, pre;  Function Hall B",Tidak tercantum,,03 s.d 05 November,06 s.d 08 November,2026-11-09,UPDATE-Event-2026-up-14-Sep-2026-2.xlsx,2026-09-14
GBK26-0185,234,BASKET & ANEKA LAP,KONSER MUSIK,EO AKSELERASI,Musik & Hiburan,2026-11-07,2026-11-07,2026-11-07,,,Tidak tercantum,GEDUNG HALL BASKET,Proyeksi,PROYEKSI,5-6 NOVEMBER,2026-11-07,2026-11-08,UPDATE-Event-2026-up-14-Sep-2026-2.xlsx,2026-09-14
GBK26-0020,26,INDONESIA ARENA,Grand National Championship,PT. Gak Boleh Nyerah,Olahraga & Esports,2026-11-07,2026-11-07,2026-11-07,,,Tidak tercantum,Indonesia Arena,DP,DP,05-06 November 2026,2026-11-07,2026-11-08,UPDATE-Event-2026-up-14-Sep-2026-2.xlsx,2026-09-14
GBK26-0656,757,Istora,Konser King Nassar,PT Boss Pencipta Kreasi,Musik & Hiburan,2026-11-07,2026-11-07,2026-11-07,,,Tidak tercantum,Istora,Tidak tercantum,,04 - 06 November 2026,2026-11-07,2026-11-08,UPDATE-Event-2026-up-14-Sep-2026-2.xlsx,2026-09-14
GBK26-0280,337,JICC,Wedding Mahfidz Sultan,PIC Mba bunga,Pernikahan & Pribadi,2026-11-07,2026-11-07,2026-11-07,,,Tidak tercantum,"Assembly Hall, Lobby Assembly",Tidak tercantum,,05 s.d 06 November,2026-11-07,2026-11-08,UPDATE-Event-2026-up-14-Sep-2026-2.xlsx,2026-09-14
GBK26-0279,336,JICC,Wisuda Univ. Tarumanegara,Universitas Tarumanegara,Pendidikan & Wisuda,2026-11-07,2026-11-07,2026-11-07,,,Tidak tercantum,"Plenary Hall , Lobby Plenary, Merak Room 1-2",Tidak tercantum,,2026-11-06,2026-11-07,2026-11-07,UPDATE-Event-2026-up-14-Sep-2026-2.xlsx,2026-09-14
GBK26-0599,690,Kawasan,BayRun 2026,IMRR,Lainnya,2026-11-07,2026-11-07,2026-11-07,,,Tidak tercantum,Jl. APEC - Pintu 7 dan 7A,Tidak tercantum,,,2026-11-07,2026-11-08,UPDATE-Event-2026-up-14-Sep-2026-2.xlsx,2026-09-14
GBK26-0598,689,Kawasan,Phinisi Run Fest 2026,Mesa Race,Olahraga & Esports,2026-11-07,2026-11-07,2026-11-07,,,Tidak tercantum,Parsel Barat,Tidak tercantum,,,2026-11-07,2026-11-08,UPDATE-Event-2026-up-14-Sep-2026-2.xlsx,2026-09-14
GBK26-0067,94,STADION UTAMA - PLAZA,Phinisi Run Fest 2026,PT. Mesa Kreeda Nusantara (Mesa Race),Olahraga & Esports,2026-11-07,2026-11-08,5 - 8 November 2026 (7 - 8 November 2026),,,Tidak tercantum,Plaza Tenggara,Tidak tercantum,,,5 - 8 November 2026 (7 - 8 November 2026),,UPDATE-Event-2026-up-14-Sep-2026-2.xlsx,2026-09-14
GBK26-0116,155,TENNIS,Konser Musik Internasional,(Heru Harmono) PT.Harpa Ananta Sora Treasury Tower 5 Floor Unit J Kebayoran baru Jakarta selatan,Pemerintahan & Politik,2026-11-07,2026-11-07,05 - 08 November 2026 (07 November 2026),,,Tidak tercantum,Tenis Indoor Single Tarif,Online Booking,Online Booking,,05 - 08 November 2026 (07 November 2026),,UPDATE-Event-2026-up-14-Sep-2026-2.xlsx,2026-09-14
GBK26-0118,157,TENNIS,Sports,"(Wahyu) PT Serikat Orang Dalam Jl Sultan Iskandar Muda No. 17 B, SOUTH JAKARTA.",Olahraga & Esports,2026-11-07,2026-11-07,03-08 November 2026 (07 November 2026),,,Tidak tercantum,Tenis Indoor Single Tarif,Soft booking,Softbook,,03-08 November 2026 (07 November 2026),,UPDATE-Event-2026-up-14-Sep-2026-2.xlsx,2026-09-14
GBK26-0281,338,JICC,Wisuda Univ. Jaya baya,Universitas Jayabaya,Pendidikan & Wisuda,2026-11-08,2026-11-10,08 s.d 10 November,,,Tidak tercantum,"Plenary Hall, Lobby Plenary",Tidak tercantum,,,08 s.d 10 November,,UPDATE-Event-2026-up-14-Sep-2026-2.xlsx,2026-09-14
GBK26-0448,530,PTHK,BAY RUN CHARITY,IMMR,Olahraga & Esports,2026-11-08,2026-11-08,2026-11-08,,,Tidak tercantum,"PLAZA PARKIR TIMUR, PTU 8 Pulau",Tidak tercantum,,6-7 NOVEMBER 2026,2026-11-08,,UPDATE-Event-2026-up-14-Sep-2026-2.xlsx,2026-09-14
GBK26-0117,156,TENNIS,FIFA Internationap Window,(Yunus) PSSI Jl.Asia Afrika No.40 Rt.01/03 Gelora,Olahraga & Esports,2026-11-09,2026-11-17,09 - 17 November 2026,,,Tidak tercantum,Stadion Madya A,Soft booking,Softbook,,09 - 17 November 2026,,UPDATE-Event-2026-up-14-Sep-2026-2.xlsx,2026-09-14
GBK26-0284,341,JICC,Wisuda UKI,Universitas UKI,Pendidikan & Wisuda,2026-11-11,2026-11-11,2026-11-11,,,Tidak tercantum,"Plenary Hall, Lobby Plenary",Tidak tercantum,,2026-11-10,2026-11-11,2026-11-11,UPDATE-Event-2026-up-14-Sep-2026-2.xlsx,2026-09-14
GBK26-0283,340,JICC,BFN Fest,,Pameran & Festival,2026-11-12,2026-11-13,12 s.d 13 November,,,Tidak tercantum,"Exhibition Hall A, Cendrawasih Room",Tidak tercantum,,10 s.d 11 November,12 s.d 13 November,2026-11-14,UPDATE-Event-2026-up-14-Sep-2026-2.xlsx,2026-09-14
GBK26-0282,339,JICC,WIC Bazar,WIC,Pameran & Festival,2026-11-12,2026-11-13,12 s.d 13 November,,,Tidak tercantum,Exhibition Hall B,Tidak tercantum,,09 s.d 11 November,12 s.d 13 November,2026-11-13,UPDATE-Event-2026-up-14-Sep-2026-2.xlsx,2026-09-14
GBK26-0119,158,TENNIS,Konser Musik Internasional,"(Rifqi)PT. Suara Tujuh Nada (Plainsong Live) Jl. Delima Jaya Rempoa, Tangerang Selatan, 14512",Pemerintahan & Politik,2026-11-12,2026-11-12,10-13November 2026 (12 November 2026),,,Tidak tercantum,Tenis Indoor Single Tarif,Soft booking,Softbook,,10-13November 2026 (12 November 2026),,UPDATE-Event-2026-up-14-Sep-2026-2.xlsx,2026-09-14
GBK26-0285,342,JICC,Jakarta Dental Exhibition,PT World Kpop Center indonesia (Mba bunga),Pameran & Festival,2026-11-13,2026-11-15,13 s.d 15 November,,,Tidak tercantum,"Assembly Hall, Lobby Assembly, Merak Room 1-3, Nuri 1-2, Maleo, Murai,;  kakatua, kenari",Tidak tercantum,,11 s.d 12 November,13 s.d 15 November,2026-11-16,UPDATE-Event-2026-up-14-Sep-2026-2.xlsx,2026-09-14
GBK26-0068,95,STADION UTAMA - PLAZA,Penukaran Ticket Konser Musik,"PT Cahaya Langit Asia; Jl. Sultan Iskandar Muda No. 17 B, Kebayoran Lama, Jakarta Selatan, 12240",Operasional,2026-11-13,2026-11-14,12 - 15 November 2026 (13 - 14 November 2026),,,Tidak tercantum,Plaza Utara,Tidak tercantum,,,12 - 15 November 2026 (13 - 14 November 2026),,UPDATE-Event-2026-up-14-Sep-2026-2.xlsx,2026-09-14
GBK26-0021,27,INDONESIA ARENA,Konser Internasional,PT. Cahaya Langit Asia,Pemerintahan & Politik,2026-11-14,2026-11-14,2026-11-14,,,Tidak tercantum,Indonesia Arena,DP,DP,11 s.d 13 November 2026,2026-11-14,2026-11-15,UPDATE-Event-2026-up-14-Sep-2026-2.xlsx,2026-09-14
GBK26-0654,755,Istora,Konser Musik,Ravel Entertainment,Musik & Hiburan,2026-11-14,2026-11-14,2026-11-14,,,Tidak tercantum,Istora,Tidak tercantum,,11 - 13 November 2026,2026-11-14,2026-11-15,UPDATE-Event-2026-up-14-Sep-2026-2.xlsx,2026-09-14
GBK26-0658,759,Istora,Konser Musik Iwa K,PT. Mipro International,Musik & Hiburan,2026-11-14,2026-11-14,2026-11-14,,,Tidak tercantum,Istora,Tidak tercantum,,10-13 November 2026,2026-11-14,2026-11-15,UPDATE-Event-2026-up-14-Sep-2026-2.xlsx,2026-09-14
GBK26-0600,691,Kawasan,Guardian Run,devina IMRR,Olahraga & Esports,2026-11-14,2026-11-14,2026-11-14,,,Tidak tercantum,"Parsel Timur, jalur hutkot - p7",Tidak tercantum,,,2026-11-14,2026-11-15,UPDATE-Event-2026-up-14-Sep-2026-2.xlsx,2026-09-14
GBK26-0449,531,PTHK,"FESTIVAL, RUN & EXHIBITION MORAREPUBLIC ROCLET WEEK 2026",MORATEL,Olahraga & Esports,2026-11-14,2026-11-14,2026-11-14,,,Tidak tercantum,PPT,Tidak tercantum,,12-13 NOV,2026-11-14,2026-11-15,UPDATE-Event-2026-up-14-Sep-2026-2.xlsx,2026-09-14
GBK26-0660,761,Istora,Guardian Run,PT. IM Kreasi,Olahraga & Esports,2026-11-15,2026-11-15,2026-11-15,,,Tidak tercantum,Istora,Tidak tercantum,,12-14 November 2026,2026-11-15,,UPDATE-Event-2026-up-14-Sep-2026-2.xlsx,2026-09-14
GBK26-0659,760,Istora,Pertamina,PT Redline Kreasindo,Lainnya,2026-11-15,2026-11-15,2026-11-15,,,Tidak tercantum,Istora,Tidak tercantum,,09-14 November 2026,2026-11-15,2026-11-16,UPDATE-Event-2026-up-14-Sep-2026-2.xlsx,2026-09-14
GBK26-0286,343,JICC,Wisuda Univ. Borobudur,universitas Borobudur,Pendidikan & Wisuda,2026-11-15,2026-11-15,2026-11-15,,,Tidak tercantum,"Plenary Hall, Lobby Plenary",Tidak tercantum,,2026-11-14,2026-11-15,2026-11-15,UPDATE-Event-2026-up-14-Sep-2026-2.xlsx,2026-09-14
GBK26-0288,345,JICC,WITF,PIC Mba bunga,MICE & Korporasi,2026-11-19,2026-11-21,19 s.d 21 November,,,Tidak tercantum,"Assembly Hall, Lobby Assembly, Merak Room 1-3, Nuri Room 1-2, Maleo Room, Murai Room,; Kenari Room, Kakatua Room, Summit room, Summit;  Lounge, Kasuari Lounge, Lower Lobby Pre Function",Tidak tercantum,,17 s.d 18 November,19 s.d 21 November,2026-11-21,UPDATE-Event-2026-up-14-Sep-2026-2.xlsx,2026-09-14
GBK26-0287,344,JICC,Medical Wellness,PT Matahari Inter Kreasi (PIC Mbas dea),Lainnya,2026-11-20,2026-11-22,20 s.d 22 November,,,Tidak tercantum,"Cendrawasih Hall, Lobby Cendrawasih",Tidak tercantum,,18 s.d 19 November,20 s.d 22 November,2026-11-22,UPDATE-Event-2026-up-14-Sep-2026-2.xlsx,2026-09-14
GBK26-0693,806,Akuatik,Hiicoach Fun Swim Series 7,Hicoach Academy,Pendidikan & Wisuda,2026-11-21,2026-11-22,21-22 November 2026,,,Tidak tercantum,Full Kolam,Tidak tercantum,,,21-22 November 2026,,UPDATE-Event-2026-up-14-Sep-2026-2.xlsx,2026-09-14
GBK26-0187,236,BASKET & ANEKA LAP,KONSER 5TH LOMBA SIHIR,PT. PERDANA PANTAI SEMESTA,Musik & Hiburan,2026-11-21,2026-11-21,2026-11-21,,,Tidak tercantum,GEDUNG HALL BASKET,Proyeksi,PROYEKSI,19-20 NOVEMBER,2026-11-21,2026-11-22,UPDATE-Event-2026-up-14-Sep-2026-2.xlsx,2026-09-14
GBK26-0022,28,INDONESIA ARENA,Final DBL Jakarta Series 2026,PT. Deteksi Lintas Basket Indoensia,Olahraga & Esports,2026-11-21,2026-11-21,2026-11-21,,,Tidak tercantum,Indonesia Arena,DP,DP,18 s.d 20 November 2026,2026-11-21,2026-11-22,UPDATE-Event-2026-up-14-Sep-2026-2.xlsx,2026-09-14
GBK26-0661,762,Istora,Konser Musik,Promotor Lit Xperience,Musik & Hiburan,2026-11-21,2026-11-22,21-22 November 2026,,,Tidak tercantum,Istora,Tidak tercantum,,19 - 21 November 2026,21-22 November 2026,23 Agustus 2026,UPDATE-Event-2026-up-14-Sep-2026-2.xlsx,2026-09-14
GBK26-0289,346,JICC,Konser Iwa k,,Musik & Hiburan,2026-11-21,2026-11-21,2026-11-21,,,Tidak tercantum,Plenary Hall,Tidak tercantum,,18 s.d 20 November,2026-11-21,2026-11-21,UPDATE-Event-2026-up-14-Sep-2026-2.xlsx,2026-09-14
GBK26-0601,692,Kawasan,Race,910,Lainnya,2026-11-21,2026-11-21,2026-11-21,,,Tidak tercantum,JL APEC,Tidak tercantum,,,2026-11-21,2026-11-22,UPDATE-Event-2026-up-14-Sep-2026-2.xlsx,2026-09-14
GBK26-0450,532,PTHK,GATHERING SICEPAT,CITRA KREASI UTAMA,MICE & Korporasi,2026-11-21,2026-11-21,2026-11-21,,,Tidak tercantum,Hutan Kota,Tidak tercantum,,19-20 NOV,2026-11-21,2026-11-22,UPDATE-Event-2026-up-14-Sep-2026-2.xlsx,2026-09-14
GBK26-0070,97,STADION UTAMA - PLAZA,International Concert by Rajawali Indonesia — (Area Pendukung Stadion Madya),"Rajawali Indonesia; Jl. Kaliurang KM 6, Pandega Marta II/6, Caturnunggal, Depok, Sleman, Yogyakarta 55281",Musik & Hiburan,2026-11-21,2026-11-21,20 - 22 November 2026 (21 November 2026),,,Tidak tercantum,Plaza Barat,Tidak tercantum,,,20 - 22 November 2026 (21 November 2026),,UPDATE-Event-2026-up-14-Sep-2026-2.xlsx,2026-09-14
GBK26-0120,159,TENNIS,Konser Musik Internasional,"(Gentur Handoko)PT. Syakira Ghyna Rajawali Indonesia; Jl. Kaliurang Km 5 , Gg. Grombol No. 2, Catur Tunggal; Depok, Sleman - Yogyakarta 55182",Pemerintahan & Politik,2026-11-21,2026-11-21,16 - 23 November 2026 (21 November 2026),,,Tidak tercantum,"Madya A, Plaza Barat dan Grasscover",Online Booking,Online Booking,,16 - 23 November 2026 (21 November 2026),,UPDATE-Event-2026-up-14-Sep-2026-2.xlsx,2026-09-14
GBK26-0602,693,Kawasan,Step for Health Share the Care,PDS PatKLIn,Komunitas & Gaya Hidup,2026-11-22,2026-11-22,2026-11-22,,,Tidak tercantum,Jalur 7A,Tidak tercantum,,,2026-11-22,2026-11-22,UPDATE-Event-2026-up-14-Sep-2026-2.xlsx,2026-09-14
GBK26-0451,533,PTHK,INDONESIA WOMEN HALF MARATHON,KOPERASI,Olahraga & Esports,2026-11-22,2026-11-22,2026-11-22,,,Tidak tercantum,PPT,Tidak tercantum,,2026-11-21,2026-11-22,,UPDATE-Event-2026-up-14-Sep-2026-2.xlsx,2026-09-14
GBK26-0071,98,STADION UTAMA - PLAZA,She Rund The World,"Koperasi Karyawan Gelora Bung Karno; Jln. Pintu Satu Senayan, Jakarta 10270",Komunitas & Gaya Hidup,2026-11-22,2026-11-22,21 - 22 November 2026 (22 November 2026),,,Tidak tercantum,Plaza Timur,Tidak tercantum,,,21 - 22 November 2026 (22 November 2026),,UPDATE-Event-2026-up-14-Sep-2026-2.xlsx,2026-09-14
GBK26-0290,347,JICC,Shopee Super Summit,PT Shopee Indonesia (PIC Mba dea),MICE & Korporasi,2026-11-23,2026-11-24,23 s.d 24 November,,,Tidak tercantum,"Plenary Hall, Lobby Plenary, Cendrawasih Hall, Lobby Cendrawasih,;  Assembly Hall, Lobby Assembly",Tidak tercantum,,2026-11-22,23 s.d 24 November,2026-11-24,UPDATE-Event-2026-up-14-Sep-2026-2.xlsx,2026-09-14
GBK26-0603,694,Kawasan,Joyland,Plainsong,Lainnya,2026-11-24,2026-11-24,2026-11-24,,,Tidak tercantum,Taman Anggrek,Tidak tercantum,,,2026-11-24,2026-11-30,UPDATE-Event-2026-up-14-Sep-2026-2.xlsx,2026-09-14
GBK26-0291,348,JICC,Maternity Baby & Kids Expo,Red Exhuibition indonesia (pic MBa bunga),Pameran & Festival,2026-11-27,2026-11-29,27 s.d 29 November,,,Tidak tercantum,"All Hall, All Lower",Tidak tercantum,,"25 s,d 26 November",27 s.d 29 November,2026-11-30,UPDATE-Event-2026-up-14-Sep-2026-2.xlsx,2026-09-14
GBK26-0023,29,INDONESIA ARENA,Musik 2026,PT. Maju Terus Kreasi (One Step Forward),Musik & Hiburan,2026-11-28,2026-11-28,2026-11-28,,,Tidak tercantum,Indonesia Arena,DP,DP,24 s.d 27 November 2026,2026-11-28,2026-11-29,UPDATE-Event-2026-up-14-Sep-2026-2.xlsx,2026-09-14
GBK26-0662,763,Istora,Konser Musik,PT Imajinasi Aksi Dunia (Imagin/Action),Musik & Hiburan,2026-11-28,2026-11-28,2026-11-28,,,Tidak tercantum,Istora,Tidak tercantum,,26-27 November 2026,2026-11-28,29 Agustus 2026,UPDATE-Event-2026-up-14-Sep-2026-2.xlsx,2026-09-14
GBK26-0453,535,PTHK,Bazarian Exterlude,Binus,Lainnya,2026-11-28,2026-11-29,28-29 nov,,,Tidak tercantum,plaza sudirMAN,Tidak tercantum,,24-27 nov,28-29 nov,2026-11-30,UPDATE-Event-2026-up-14-Sep-2026-2.xlsx,2026-09-14
GBK26-0452,534,PTHK,HUT BOGASARI,FROM UMAM JCC,Lainnya,2026-11-28,2026-11-29,28-29 Nov,,,Tidak tercantum,"PPT, PTU",Tidak tercantum,,24-27 NOVEMBER 2026,28-29 Nov,2026-11-30,UPDATE-Event-2026-up-14-Sep-2026-2.xlsx,2026-09-14
GBK26-0121,160,TENNIS,Konser Musik Internasional,(Fareza wahyu) PT. Akselerasi Kreasi Group Jl. Cilaki No.26 - Kota Bandung,Pemerintahan & Politik,2026-11-28,2026-11-28,26 - 29 November 2026 (28 November 2026),,,Tidak tercantum,Tenis Indoor Single Tarif,Soft booking,Softbook,,26 - 29 November 2026 (28 November 2026),,UPDATE-Event-2026-up-14-Sep-2026-2.xlsx,2026-09-14
GBK26-0188,237,BASKET & ANEKA LAP,KONSER MUSIK,PT. MAHAKARYA HARMONI MEDIA,Musik & Hiburan,2026-11-29,2026-11-29,2026-11-29,,,Tidak tercantum,GEDUNG HALL BASKET,Proyeksi,PROYEKSI,26-28 NOVEMBER,2026-11-29,2026-11-30,UPDATE-Event-2026-up-14-Sep-2026-2.xlsx,2026-09-14
GBK26-0604,695,Kawasan,Reschedule Capital Market,Cut IMRR,Komunitas & Gaya Hidup,2026-11-29,2026-11-29,2026-11-29,,,Tidak tercantum,Jl. KTT - P7,Tidak tercantum,,,2026-11-29,2026-11-29,UPDATE-Event-2026-up-14-Sep-2026-2.xlsx,2026-09-14
GBK26-0073,100,STADION UTAMA - PLAZA,Capital Market Run,"PT. Kustodian Sentral Efek Indonesia; Jl. Jend. Sudirman Kav.52-53, Jakarta 12190",Olahraga & Esports,2026-11-29,2026-11-29,27 - 29 November 2026 (29 November 2026),,,Tidak tercantum,Plaza Timur,Tidak tercantum,,,27 - 29 November 2026 (29 November 2026),,UPDATE-Event-2026-up-14-Sep-2026-2.xlsx,2026-09-14
GBK26-0072,99,STADION UTAMA - PLAZA,Indonesia Women Half Marathon,"PT KREDO AUM (20FIT Group); Jl. Sinabung No. 9, Gunung, Kebayoran Baru,; Jakarta Selatan, DKI Jakarta, 12120",Olahraga & Esports,2026-11-29,2026-11-29,28 - 29 November 2026 (29 November 2026),,,Tidak tercantum,Plaza Barat,Tidak tercantum,,,28 - 29 November 2026 (29 November 2026),,UPDATE-Event-2026-up-14-Sep-2026-2.xlsx,2026-09-14
GBK26-0122,161,TENNIS,Festival Generasi Baru,"(David) PT. FESTIVAL GENERASI BARU Green Lake City Cluster Asia 6 No 16, TANGERANG.",Olahraga & Esports,2026-11-30,2026-11-30,26 - 30November 2026 (30 November 2026),,,Tidak tercantum,Madya B Paket C,DP,DP,,26 - 30November 2026 (30 November 2026),,UPDATE-Event-2026-up-14-Sep-2026-2.xlsx,2026-09-14
GBK26-0293,350,JICC,Wisuda YAI,Universitas YAI,Pendidikan & Wisuda,2026-12-02,2026-12-02,2026-12-02,,,Tidak tercantum,"Plenary Hall, Lobby Plenary",Tidak tercantum,,2026-12-01,2026-12-02,2026-12-02,UPDATE-Event-2026-up-14-Sep-2026-2.xlsx,2026-09-14
GBK26-0694,807,Akuatik,Kasal Cup,PT Iswara Anamaya Harsa,Olahraga & Esports,2026-12-03,2026-12-03,3 Desember,,,Tidak tercantum,Full Kolam,Tidak tercantum,,,3 Desember,,UPDATE-Event-2026-up-14-Sep-2026-2.xlsx,2026-09-14
GBK26-0292,349,JICC,Jakarta X beauty Vol.2,PT Daily Dinamika Kreasi (mba bunga),Pameran & Festival,2026-12-03,2026-12-06,03 s.d 06 Desember,,,Tidak tercantum,"Exhibition Hall A, Pre Funtion Hall A, Conecting Corridor, Exhibition Hall B, pre;  Function Hall B, Cendrawasih Room, Lobby Cendrawasih",Tidak tercantum,,30 Nov s.d 02 Des,03 s.d 06 Desember,2026-12-06,UPDATE-Event-2026-up-14-Sep-2026-2.xlsx,2026-09-14
GBK26-0605,696,Kawasan,Pertamina ECO RUN,PT. Mitra Tours AND Travel,Olahraga & Esports,2026-12-03,2026-12-03,2026-12-03,,,Tidak tercantum,"Jl. APEC - Pintu 7, 7A , JL. KTT",Tidak tercantum,,,2026-12-03,2026-12-06,UPDATE-Event-2026-up-14-Sep-2026-2.xlsx,2026-09-14
GBK26-0294,351,JICC,Konser Ahmad Dhani,,Musik & Hiburan,2026-12-04,2026-12-05,04 s.d 05 Desember,,,Tidak tercantum,"Assembly Hall, Lobby Assembly",Tidak tercantum,,01 s.d 03 Desember,04 s.d 05 Desember,2026-12-06,UPDATE-Event-2026-up-14-Sep-2026-2.xlsx,2026-09-14
GBK26-0295,352,JICC,Wisuda Univ.Binus,Universitas Bina Nusantara,Pendidikan & Wisuda,2026-12-04,2026-12-06,04 s.d 06 Desember,,,Tidak tercantum,"Plenary Hall, Lobby Plenary, Merak Room 1-3",Tidak tercantum,,2026-12-03,04 s.d 06 Desember,2026-12-06,UPDATE-Event-2026-up-14-Sep-2026-2.xlsx,2026-09-14
GBK26-0606,697,Kawasan,Pertamina ECO RUN,PT. Mitra Tours AND Travel,Olahraga & Esports,2026-12-04,2026-12-04,2026-12-04,,,Tidak tercantum,PARSEL TIMUR,Tidak tercantum,,,2026-12-04,2026-12-06,UPDATE-Event-2026-up-14-Sep-2026-2.xlsx,2026-09-14
GBK26-0189,238,BASKET & ANEKA LAP,TINJU PELAJAR INDONESIA,NOC INDONESIA,Olahraga & Esports,2026-12-05,2026-12-05,5 DESEMBER,,,Tidak tercantum,GEDUNG HALL BASKET,Proyeksi,PROYEKSI,3-4 DESEMBER,5 DESEMBER,6 DESEMBER,UPDATE-Event-2026-up-14-Sep-2026-2.xlsx,2026-09-14
GBK26-0024,30,INDONESIA ARENA,Music Concert,PT. Cahaya Langit Asia,Musik & Hiburan,2026-12-05,2026-12-05,2026-12-05,,,Tidak tercantum,Indonesia Arena,DP,DP,2 s.d 4 Dsember 2026,2026-12-05,2026-12-06,UPDATE-Event-2026-up-14-Sep-2026-2.xlsx,2026-09-14
GBK26-0607,698,Kawasan,Slay & Stride Runaway Edition,PT. Women Group Global,Lainnya,2026-12-05,2026-12-05,2026-12-05,,,Tidak tercantum,Jalur ring 4,Tidak tercantum,,,2026-12-05,2026-12-05,UPDATE-Event-2026-up-14-Sep-2026-2.xlsx,2026-09-14
GBK26-0454,536,PTHK,Tiberias Malam Natal,TIBERIAS,Keagamaan,2026-12-05,2026-12-05,05 Desember 2026,,,Tidak tercantum,PARKIR TIMUR UTARA,Tidak tercantum,,,05 Desember 2026,,UPDATE-Event-2026-up-14-Sep-2026-2.xlsx,2026-09-14
GBK26-0456,538,PTHK,WOMEN GROUP,PS,Lainnya,2026-12-05,2026-12-05,5 DES,,,Tidak tercantum,PLAZA SUDIRMAN,Tidak tercantum,,,5 DES,,UPDATE-Event-2026-up-14-Sep-2026-2.xlsx,2026-09-14
GBK26-0046,58,STADION UTAMA,Perayaan Natal Gereja Tiberias Indonesia Tahun 2026,"Gereja Tiberias Indonesia; Tiberias Center lt. 3; Jl. Boulevard Raya Blok PD 1/22 Kelapa Gading, Jakarta",Keagamaan,2026-12-05,2026-12-05,30 November - 7 Desember 2026 (5 Desember 2026),,,Tidak tercantum,Stadion Utama,DP,Sudah DP,,30 November - 7 Desember 2026 (5 Desember 2026),,UPDATE-Event-2026-up-14-Sep-2026-2.xlsx,2026-09-14
GBK26-0123,162,TENNIS,Konser Musik Lokal,Rans Entertainmen Indonesia,Musik & Hiburan,2026-12-05,2026-12-05,03 - 06 Desember 2026 (05 Desember 2026),,,Tidak tercantum,Tenis Indoor Single Tarif,Online Booking,Online Booking,,03 - 06 Desember 2026 (05 Desember 2026),,UPDATE-Event-2026-up-14-Sep-2026-2.xlsx,2026-09-14
GBK26-0663,764,Istora,Pertamina Ecorun & Eco Runfest,PT Mitra Tour & Travel,Pameran & Festival,2026-12-06,2026-12-06,06 Desember 2026,,,Tidak tercantum,Istora,Tidak tercantum,,30 November sd 1-5 Desember 2026,06 Desember 2026,7 Desember 2026,UPDATE-Event-2026-up-14-Sep-2026-2.xlsx,2026-09-14
GBK26-0455,537,PTHK,Pertamina Eco Run 2026,Mitra Tours & Travel,Olahraga & Esports,2026-12-06,2026-12-06,6 Des,,,Tidak tercantum,"PPT,PTU,PTS",Tidak tercantum,,3-5 Des,6 Des,,UPDATE-Event-2026-up-14-Sep-2026-2.xlsx,2026-09-14
GBK26-0296,353,JICC,24st Islamic Book Fair,PIC Mva bunga,Pameran & Festival,2026-12-09,2026-12-13,09 s.d 13 Desember,,,Tidak tercantum,"Exhibition Hall A, Pre Funtion Hall A, Conecting Corridor, Exhibition Hall B, pre;  Function Hall B",Tidak tercantum,,07 s.d 08 Desember,09 s.d 13 Desember,2026-12-13,UPDATE-Event-2026-up-14-Sep-2026-2.xlsx,2026-09-14
GBK26-0299,356,JICC,The 21th HR Expo,PT Inti pesan pariwara,Pameran & Festival,2026-12-09,2026-12-10,09 s.d 10 Desember,,,Tidak tercantum,"Merak Room 1-3, Nuri Room 1-2, Maleo Room, Murai Room, Kenari Room, Kakatua Room, Summit; room, Summit Lounge, Kasuari Lounge, Lower Lobby;  Pre Function",Tidak tercantum,,07 s.d 08 Desember,09 s.d 10 Desember,2026-12-10,UPDATE-Event-2026-up-14-Sep-2026-2.xlsx,2026-09-14
GBK26-0297,354,JICC,Wisuda Univ.Prasmul,Universitas Prasmul,Pendidikan & Wisuda,2026-12-09,2026-12-09,2026-12-09,,,Tidak tercantum,"Plenary Hall, Lobby Plenary",Tidak tercantum,,2026-12-08,2026-12-09,2026-12-09,UPDATE-Event-2026-up-14-Sep-2026-2.xlsx,2026-09-14
GBK26-0298,355,JICC,Indonesia Int Coffee and Café,PIC Mva bunga,Lainnya,2026-12-10,2026-12-13,10 s.d 13 Desember,,,Tidak tercantum,Assembly Hall dan Lobby Assembly,Tidak tercantum,,08 s.d 09 Desember,10 s.d 13 Desember,2026-12-13,UPDATE-Event-2026-up-14-Sep-2026-2.xlsx,2026-09-14
GBK26-0664,765,Istora,Konser Musik,PT MEG Entertainment,Musik & Hiburan,2026-12-11,2026-12-11,11 Desember 2026,,,Tidak tercantum,Istora,Tidak tercantum,,09-10 Desember 2026,11 Desember 2026,12 Desember 2026,UPDATE-Event-2026-up-14-Sep-2026-2.xlsx,2026-09-14
GBK26-0608,699,Kawasan,Rsch Pokemon Fest Run,AKG entertainment,Musik & Hiburan,2026-12-11,2026-12-11,2026-12-11,,,Tidak tercantum,JL. APEC- P7,Tidak tercantum,,,2026-12-11,2026-12-13,UPDATE-Event-2026-up-14-Sep-2026-2.xlsx,2026-09-14
GBK26-0190,239,BASKET & ANEKA LAP,KONSER MUSIK INTERNASIONAL,PT. INDO THE NUSANTARA,Pemerintahan & Politik,2026-12-12,2026-12-13,12-13 DESEMBER,,,Tidak tercantum,GEDUNG HALL BASKET,Tidak tercantum,,11 DESEMBER,12-13 DESEMBER,14 DESEMBER,UPDATE-Event-2026-up-14-Sep-2026-2.xlsx,2026-09-14
GBK26-0025,31,INDONESIA ARENA,Byon Combat Grand Prix,PT. Berkat Tanpa Syarat,Olahraga & Esports,2026-12-12,2026-12-12,12 Desember 2026,,,Tidak tercantum,Indonesia Arena,DP,DP,10 s.d 11 Desember 2026,12 Desember 2026,13 Desember 2026,UPDATE-Event-2026-up-14-Sep-2026-2.xlsx,2026-09-14
GBK26-0665,766,Istora,Christmas Concert 2026,Glenn Productions,Musik & Hiburan,2026-12-12,2026-12-13,12-13 Desember 2026,,,Tidak tercantum,Istora,Tidak tercantum,,10-11 Desember 2026,12-13 Desember 2026,14 Desember 2026,UPDATE-Event-2026-up-14-Sep-2026-2.xlsx,2026-09-14
GBK26-0668,769,Istora,Konser Artis Internasional,PT. Folago Digital Media,Pemerintahan & Politik,2026-12-12,2026-12-12,12 Desember 2026,,,Tidak tercantum,Istora,Tidak tercantum,,10-11 Desember 2026,12 Desember 2026,13 Desember 2026,UPDATE-Event-2026-up-14-Sep-2026-2.xlsx,2026-09-14
GBK26-0666,767,Istora,Konser Musik Internasional,PT. Bintang Buana Panglima,Pemerintahan & Politik,2026-12-12,2026-12-12,12 Desember 2026,,,Tidak tercantum,Istora,Tidak tercantum,,10-11 Desember 2026,12 Desember 2026,13 Desember 2026,UPDATE-Event-2026-up-14-Sep-2026-2.xlsx,2026-09-14
GBK26-0301,358,JICC,Wisuda STIE Trisakti,Universitas Trisakti,Pendidikan & Wisuda,2026-12-12,2026-12-12,2026-12-12,,,Tidak tercantum,"Plenary Hall, Lobby Plenary",Tidak tercantum,,2026-12-11,2026-12-12,2026-12-12,UPDATE-Event-2026-up-14-Sep-2026-2.xlsx,2026-09-14
GBK26-0457,539,PTHK,AKG Festival and Run 2026,Debradrs,Olahraga & Esports,2026-12-12,2026-12-13,12-13 des,,,Tidak tercantum,"PPT,PTS",Tidak tercantum,,10-11 des,12-13 des,,UPDATE-Event-2026-up-14-Sep-2026-2.xlsx,2026-09-14
GBK26-0124,163,TENNIS,Exhibiton Tournament,PT. Tetler Asia,Olahraga & Esports,2026-12-12,2026-12-12,10 - 13 Desember 2026 (12 Desember 2026),,,Tidak tercantum,Tenis Indoor Single Tarif,Soft booking,Softbook,,10 - 13 Desember 2026 (12 Desember 2026),,UPDATE-Event-2026-up-14-Sep-2026-2.xlsx,2026-09-14
GBK26-0302,359,JICC,Wisuda Univ. Gunadarma,Universitas Gunadarma,Pendidikan & Wisuda,2026-12-15,2026-12-15,2026-12-15,,,Tidak tercantum,"Plenary Hall, Lobby Plenary",Tidak tercantum,,2026-12-14,2026-12-15,2026-12-15,UPDATE-Event-2026-up-14-Sep-2026-2.xlsx,2026-09-14
GBK26-0303,360,JICC,Indonesia Dental Summit 2026,PIC Mva bunga,MICE & Korporasi,2026-12-18,2026-12-20,18 s.d 20 Desember,,,Tidak tercantum,"Assembly Hall, Lobby Assembly, Merak Room 1-3, Nuri Room 1-2, Maleo Room, Murai Room,; Kenari Room, Kakatua Room, Summit room, Summit;  Lounge, Kasuari Lounge, Lower Lobby Pre Function",Tidak tercantum,,16 s.d 17 Desember,18 s.d 20 Desember,2026-12-20,UPDATE-Event-2026-up-14-Sep-2026-2.xlsx,2026-09-14
GBK26-0300,357,JICC,Kesehatan By WKCI,,Pameran & Festival,2026-12-18,2026-12-20,18 s.d 20 Desember,,,Tidak tercantum,"Exhibition Hall A, Pre Funtion Hall A, Cendrawasih",Tidak tercantum,,14 s.d 17 Desember,18 s.d 20 Desember,2026-12-20,UPDATE-Event-2026-up-14-Sep-2026-2.xlsx,2026-09-14
GBK26-0026,32,INDONESIA ARENA,Konser Musik International,Big Ground Entertainment,Musik & Hiburan,2026-12-19,2026-12-19,19 Desember 2026,,,Tidak tercantum,Indonesia Arena,DP,DP,15 s.d 18 Desember 2026,19 Desember 2026,20 Desember 2026,UPDATE-Event-2026-up-14-Sep-2026-2.xlsx,2026-09-14
GBK26-0667,768,Istora,Brand Event & Konser,Applewood Indonesia,Musik & Hiburan,2026-12-19,2026-12-19,19 Desember 2026,,,Tidak tercantum,Istora,Tidak tercantum,,16-18 Desember 2026,19 Desember 2026,20 Desember 2026,UPDATE-Event-2026-up-14-Sep-2026-2.xlsx,2026-09-14
GBK26-0304,361,JICC,Wisuda Uhamka,,Pendidikan & Wisuda,2026-12-19,2026-12-19,2026-12-19,,,Tidak tercantum,"Plenary Hall, Lobby Plenary",Tidak tercantum,,2026-12-18,2026-12-19,2026-12-19,UPDATE-Event-2026-up-14-Sep-2026-2.xlsx,2026-09-14
GBK26-0027,33,INDONESIA ARENA,Ibadah KKR,Stephen Tong Evangelistic Ministries International (STMII),Keagamaan,2026-12-24,2026-12-24,24 Desember 2026,,,Tidak tercantum,Indonesia Arena,Tidak tercantum,,23 Desember 2026,24 Desember 2026,25 Desember 2026,UPDATE-Event-2026-up-14-Sep-2026-2.xlsx,2026-09-14
GBK26-0307,364,JICC,GSJS Event Ibadah Natal,PIC Mba dea,Keagamaan,2026-12-25,2026-12-25,2026-12-25,,,Tidak tercantum,"Assembly Hall, Lobby Assembly",Tidak tercantum,,23 s.d 24 Desember,2026-12-25,2026-12-25,UPDATE-Event-2026-up-14-Sep-2026-2.xlsx,2026-09-14
GBK26-0305,362,JICC,Muslim Life Fair,PT Lima Event indonesia (PIC Mba dea),Pameran & Festival,2026-12-25,2026-12-27,25 s.d 27 Desember,,,Tidak tercantum,"Exhibition Hall A, Pre Funtion Hall A, Conecting Corridor, Exhibition Hall B, pre;  Function Hall B, Cendrawasih Room, Lobby Cendrawasih",Tidak tercantum,,23 s.d 24 Desember,25 s.d 27 Desember,2026-12-27,UPDATE-Event-2026-up-14-Sep-2026-2.xlsx,2026-09-14
GBK26-0306,363,JICC,Natal Ke Kraso,PIC Mba Bunga,Keagamaan,2026-12-25,2026-12-25,2026-12-25,,,Tidak tercantum,"Plenary Hall, Lobby Plenary",Tidak tercantum,,23 s.d 24 Desember,2026-12-25,2026-12-25,UPDATE-Event-2026-up-14-Sep-2026-2.xlsx,2026-09-14
GBK26-0193,242,BASKET & ANEKA LAP,ARIRANG PROJECT IN JAKARTA,ARIRANG (FANBASE BTS),Musik & Hiburan,2026-12-26,2026-12-29,26-29 DESEMBER,,,Tidak tercantum,LAHAN PARKIR PANJAT TEBING,Tidak tercantum,,-,26-29 DESEMBER,-,UPDATE-Event-2026-up-14-Sep-2026-2.xlsx,2026-09-14
GBK26-0191,240,BASKET & ANEKA LAP,INSTALASI BAZAR KOMUNITAS ARMY INDONESIA,KOMUNITAS ARMY INDONESIA,Olahraga & Esports,2026-12-26,2026-12-29,26 - 29 DESEMBER,,,Tidak tercantum,LAHAN PARKIR DAN KONBLOK LAPANGAN PANAHAN,Tidak tercantum,,-,26 - 29 DESEMBER,-,UPDATE-Event-2026-up-14-Sep-2026-2.xlsx,2026-09-14
GBK26-0458,540,PTHK,BTS Konser Festival,Arirang Project,Musik & Hiburan,2026-12-26,2026-12-29,"26, 27, 29 des",,,Tidak tercantum,Plaza Sudirman,Tidak tercantum,,25 & 28 des,"26, 27, 29 des",,UPDATE-Event-2026-up-14-Sep-2026-2.xlsx,2026-09-14
GBK26-0459,541,PTHK,Food Truck Nescafe,Nescafe,Lainnya,2026-12-26,2026-12-29,"26,27,29 des",,,Tidak tercantum,Plaza Sudirman,Tidak tercantum,,,"26,27,29 des",,UPDATE-Event-2026-up-14-Sep-2026-2.xlsx,2026-09-14
GBK26-0047,59,STADION UTAMA,International Music Concert — (Konser BTS),PT. Idea Music Entertainment (IME),Musik & Hiburan,2026-12-26,2026-12-29,"13 Desember 2026 - 2 Januari 2027 (26, 27, 29 Desember 2026)",,,Tidak tercantum,Stadion Utama,DP,Sudah DP,,"13 Desember 2026 - 2 Januari 2027 (26, 27, 29 Desember 2026)",,UPDATE-Event-2026-up-14-Sep-2026-2.xlsx,2026-09-14
GBK26-0125,164,TENNIS,E Sport,"""PT. Monster Entertainment Indonesia /; PT. Teknologi Abadi Sejahtera; Jl. Prof. DR. Satrio Kav. 18, Karet Kuningan, Setiabudi; Jakarta Selatan 12940""; (Rama)",Musik & Hiburan,2026-12-26,2027-01-10,21 Desember - 11 Januari 2027 (26 Desember - 10 Januari 2027),,,Tidak tercantum,Tenis Indoor Single Tarif,DP,DP,,21 Desember - 11 Januari 2027 (26 Desember - 10 Januari 2027),,UPDATE-Event-2026-up-14-Sep-2026-2.xlsx,2026-09-14
GBK26-0192,241,BASKET & ANEKA LAP,FANPROJECT BTS (KIM TAEHYUNG),TUTI RAMDANIYANTI,Musik & Hiburan,2026-12-27,2026-12-27,27 DESEMBER,,,Tidak tercantum,LAHAN ASPAL LAPANGAN C DAN RUGBY,Tidak tercantum,,-,27 DESEMBER,-,UPDATE-Event-2026-up-14-Sep-2026-2.xlsx,2026-09-14
GBK26-0684,796,Akuatik,3rd GBK Fun Swimming Competition 2026,GBK,Olahraga & Esports,,,1 - 2 Agusus 2026,,,Tidak tercantum,Kolam Tanding dan Diving,Tidak tercantum,,,1 - 2 Agusus 2026,,UPDATE-Event-2026-up-14-Sep-2026-2.xlsx,2026-09-14
GBK26-0171,218,BASKET & ANEKA LAP,MOBILE LEGEND,MINISKI,Olahraga & Esports,,,-,,,Tidak tercantum,GEDUNG HALL BASKET,Dibatalkan,CANCEL,27-30 SEPTEMBER,-,-,UPDATE-Event-2026-up-14-Sep-2026-2.xlsx,2026-09-14
GBK26-0176,223,BASKET & ANEKA LAP,PENUKARAN TIKET KONSER MUSIK NCT127,PT. DYANDRA GLOBAL EDUTAINMENT,Musik & Hiburan,,,,,,Tidak tercantum,BASKET & ANEKA LAP,Proyeksi,PROYEKSI,29-30 SEPTEMBER,,,UPDATE-Event-2026-up-14-Sep-2026-2.xlsx,2026-09-14
GBK26-0195,252,JICC,Deep Extreme Indonesia,PT Fasen Creative Quality,Pameran & Festival,,,,,,Tidak tercantum,"Exhibition Hall B, Pre Function Exhibition Hall B",Tidak tercantum,,21 s.d 22 April,,2026-04-27,UPDATE-Event-2026-up-14-Sep-2026-2.xlsx,2026-09-14
GBK26-0566,656,Kawasan,Labschool Fun Run,Labschool Kebayoran,Olahraga & Esports,,,,,,Tidak tercantum,P10 - Ring 3 - Plaza Barat - P2,Tidak tercantum,,,,,UPDATE-Event-2026-up-14-Sep-2026-2.xlsx,2026-09-14
GBK26-0407,489,PTHK,Creavier SMA Labshool Cibubur,POMG SMA Labshool Cibubur,Lainnya,,,18 JULI2026,,,Tidak tercantum,"PLAZA PARKIR TIMUR, Hutan Kota",Tidak tercantum,,16-17 JULI 2026,18 JULI2026,19 JULI 2026,UPDATE-Event-2026-up-14-Sep-2026-2.xlsx,2026-09-14
GBK26-0094,133,TENNIS,Maintenance GBK,MAINTENANCE,Olahraga & Esports,,,22 s.d 29Juni2026,,,Tidak tercantum,Tenis Indoor,Tidak tercantum,-,,22 s.d 29Juni2026,,UPDATE-Event-2026-up-14-Sep-2026-2.xlsx,2026-09-14
